# timestamp tx ty tz qx qy qz qw
1679940972.890000 0.000000 0.000000 0.000000 0.000000 0.000000 0.000000 1.000000
1679940972.924000 -0.171895 -0.290666 -0.941258 -0.001487 -0.001708 -0.000088 0.999997
1679940973.092000 -1.116503 -0.617127 -0.907513 -0.005369 0.005780 0.001639 0.999968
1679940973.459000 -0.756093 -0.388580 -1.811875 -0.001100 0.002775 0.000738 0.999995
1679940973.623000 -0.846141 -0.338983 -0.817174 0.000278 0.002054 0.003861 0.999990
1679940973.658000 -0.984474 -0.357584 0.173037 0.003042 0.002283 0.006706 0.999970
1679940973.691000 -0.617850 -0.154345 -0.734862 0.005954 0.002902 0.009491 0.999933
1679940973.823000 -1.550043 -0.460817 -0.927449 0.011705 0.015486 0.018397 0.999642
1679940973.858000 -1.857077 -0.452639 0.024215 0.013166 0.016662 0.021618 0.999541
1679940973.990000 -2.703111 -0.912835 -0.244944 0.011627 0.041391 0.027893 0.998686
1679940974.024000 -3.667273 -1.110002 -0.067416 0.012057 0.053397 0.029525 0.998064
1679940974.124000 -4.277415 -1.185488 0.721272 0.013991 0.066106 0.027406 0.997338
1679940974.223000 -4.963165 -1.325771 0.007082 0.014783 0.071813 0.019510 0.997118
1679940974.524000 -4.921478 -1.389546 1.004175 0.015017 0.074299 0.022158 0.996877
1679940974.690000 -5.810824 -1.636538 1.388958 0.012547 0.087579 0.028577 0.995669
1679940974.757000 -6.001750 -1.640493 2.370555 0.014637 0.093977 0.034610 0.994865
1679940974.958000 -6.826404 -1.836879 2.901005 0.006553 0.113657 0.031313 0.993005
1679940975.024000 -7.591463 -1.988166 3.526942 0.005234 0.121926 0.026970 0.992159
1679940975.091000 -7.310555 -1.768718 4.461251 0.010193 0.127400 0.029051 0.991373
1679940975.258000 -8.174383 -2.086143 4.852458 0.012589 0.154856 0.033585 0.987286
1679940975.292000 -8.999830 -1.711706 5.274871 0.020739 0.173836 0.035194 0.983927
1679940975.359000 -9.828917 -1.390723 5.732676 0.028804 0.193817 0.037403 0.979901
1679940975.424000 -9.658073 -1.360351 6.717506 0.033009 0.202335 0.042555 0.977834
1679940975.457000 -10.069024 -1.251558 5.812363 0.033284 0.205201 0.043221 0.977198
1679940975.490000 -9.859697 -1.234781 6.790065 0.034634 0.208201 0.043052 0.976524
1679940975.525000 -10.121230 -0.932788 5.873331 0.034921 0.209831 0.042522 0.976188
1679940975.757000 -9.358076 -0.789940 5.243100 0.029837 0.213407 0.035397 0.975866
1679940975.957000 -8.507732 -0.816138 5.768675 0.023915 0.207287 0.030233 0.977520
1679940975.990000 -8.753231 -0.513725 4.847655 0.022432 0.206371 0.030306 0.977747
1679940976.058000 -7.930568 -0.540452 5.415557 0.019482 0.206502 0.032027 0.977728
1679940976.092000 -8.682365 -1.031845 5.855255 0.015129 0.214260 0.031971 0.976136
1679940976.157000 -9.288164 -0.675447 6.566584 0.017561 0.224278 0.031069 0.973871
1679940976.290000 -9.132768 -0.454333 7.529372 0.022374 0.232819 0.038358 0.971506
1679940976.461000 -10.020336 -0.673184 7.934743 0.020415 0.250793 0.041189 0.966948
1679940976.723000 -10.189913 -0.483147 6.967722 0.019816 0.251065 0.040550 0.966918
1679940976.757000 -10.563647 -0.433157 6.041534 0.017169 0.253000 0.039068 0.966525
1679940976.791000 -11.271595 -1.122364 6.195820 0.011390 0.260859 0.040421 0.964463
1679940976.825000 -11.542463 -1.019258 5.238742 0.008350 0.261805 0.039110 0.964292
1679940976.925000 -12.277221 -0.844857 5.894268 0.008930 0.277263 0.042929 0.959793
1679940977.057000 -13.081718 -1.234330 6.342706 0.009503 0.279579 0.044247 0.959056
1679940977.158000 -12.901586 -1.267298 7.325796 0.013375 0.279452 0.048070 0.958862
1679940977.195000 -13.314860 -1.123260 6.426653 0.016426 0.278638 0.050769 0.958913
1679940977.291000 -14.084070 -1.279068 7.046362 0.023957 0.298877 0.056357 0.952325
1679940977.424000 -14.973901 -1.440278 7.473225 0.019753 0.314211 0.062549 0.947084
1679940977.558000 -15.844803 -1.723538 7.071611 0.016537 0.312232 0.063625 0.947729
1679940977.857000 -16.615202 -1.726612 7.709166 0.010517 0.347611 0.064430 0.935363
1679940977.926000 -15.624757 -1.630978 7.808529 0.005297 0.349317 0.066783 0.934607
1679940978.023000 -16.348176 -1.719213 8.493276 0.001450 0.360695 0.067375 0.930246
1679940978.258000 -15.945223 -1.212571 9.255472 -0.000378 0.363839 0.068545 0.928936
1679940978.356000 -16.688636 -1.708695 9.704023 -0.004215 0.380216 0.068227 0.922368
1679940978.392000 -17.423669 -1.815835 9.034511 -0.003085 0.383645 0.068832 0.920907
1679940978.427000 -16.788182 -1.509536 9.743268 -0.001804 0.387213 0.069427 0.919371
1679940978.491000 -17.581704 -1.844090 9.234941 -0.000954 0.392782 0.072637 0.916758
1679940978.625000 -18.443606 -2.186311 8.860762 0.003062 0.396220 0.075461 0.915044
1679940978.791000 -19.008006 -2.565021 9.594269 0.006001 0.403968 0.076703 0.911532
1679940978.826000 -19.759846 -2.874790 9.012221 0.008108 0.403484 0.078510 0.911576
1679940978.923000 -19.357652 -2.916901 9.926806 0.013484 0.405124 0.076596 0.910948
1679940978.990000 -19.495383 -2.787917 8.944771 0.015713 0.404024 0.074461 0.911577
1679940979.090000 -18.561746 -2.824721 8.588446 0.015153 0.402251 0.073578 0.912442
1679940979.160000 -18.119372 -2.853357 9.484820 0.015153 0.402251 0.073578 0.912442
1679940979.457000 -17.636496 -2.696598 10.346363 0.010653 0.398128 0.073639 0.914308
1679940979.525000 -17.393941 -2.884001 11.298228 0.008521 0.394881 0.075476 0.915587
1679940979.691000 -16.702414 -2.591162 10.637898 0.015469 0.392755 0.081314 0.915911
1679940979.757000 -17.535169 -3.043338 10.318436 0.017211 0.399038 0.087793 0.912559
1679940979.825000 -18.232391 -3.147438 9.609180 0.017807 0.402237 0.087588 0.911162
1679940979.857000 -19.160362 -3.230779 9.245966 0.017783 0.406722 0.086105 0.909311
1679940979.891000 -19.860429 -3.116919 8.541025 0.016589 0.409411 0.085911 0.908144
1679940979.926000 -20.539630 -3.411257 9.213372 0.011468 0.419195 0.085452 0.903793
1679940979.991000 -21.096155 -3.237712 10.025876 0.010879 0.431129 0.083704 0.898333
1679940980.023000 -21.997025 -3.146901 9.601392 0.009648 0.431329 0.082858 0.898330
1679940980.058000 -22.776366 -3.104717 8.976214 0.007333 0.430867 0.082312 0.898624
1679940980.126000 -21.807998 -3.087599 8.727275 0.005773 0.430504 0.081296 0.898902
1679940980.259000 -22.672695 -3.316038 9.174617 0.000530 0.440544 0.082117 0.893967
1679940980.392000 -23.349529 -3.689898 9.808750 -0.002953 0.467669 0.091265 0.879174
1679940980.557000 -23.327780 -3.697933 10.808481 0.005762 0.480738 0.094851 0.871700
1679940980.659000 -23.746239 -3.854207 11.703171 0.009944 0.502096 0.098060 0.859177
1679940980.791000 -24.074801 -3.902068 12.646440 0.002495 0.520191 0.096521 0.848574
1679940980.825000 -23.268654 -3.900895 13.238154 -0.000405 0.521173 0.095026 0.848144
1679940980.892000 -24.185129 -3.934541 12.839479 -0.002150 0.521004 0.095472 0.848195
1679940980.925000 -23.384984 -3.898849 13.438224 -0.002150 0.521004 0.095472 0.848195
1679940981.057000 -23.650413 -3.929776 14.401858 -0.007163 0.530447 0.094353 0.842420
1679940981.158000 -23.804997 -3.698102 15.362291 -0.009295 0.535677 0.095095 0.839000
1679940981.193000 -22.918812 -3.518132 15.789243 -0.008854 0.534849 0.097146 0.839298
1679940981.358000 -22.772334 -3.140747 16.703642 -0.013618 0.550067 0.100042 0.828995
1679940981.456000 -23.705309 -3.327059 16.395670 -0.013414 0.549177 0.097672 0.829871
1679940981.557000 -23.794500 -3.292629 15.400251 -0.013876 0.548302 0.087660 0.831557
1679940981.591000 -22.867076 -3.257961 15.772652 -0.013876 0.548302 0.087660 0.831557
1679940981.657000 -22.929231 -3.069228 16.752711 -0.012226 0.554309 0.090229 0.827315
1679940981.690000 -23.821178 -3.462160 16.976397 -0.012384 0.557116 0.090270 0.825421
1679940981.824000 -23.612476 -3.401836 17.952514 -0.002498 0.574886 0.093887 0.812826
1679940981.891000 -24.105287 -3.404461 17.082381 0.000795 0.577575 0.094492 0.810850
1679940981.926000 -23.308680 -3.153398 17.632276 0.006648 0.580182 0.095716 0.808816
1679940981.959000 -22.620244 -2.881892 18.304839 0.012383 0.584320 0.096018 0.805728
1679940982.057000 -22.381289 -2.937672 19.274266 0.022818 0.596577 0.094040 0.796700
1679940982.128000 -21.828966 -2.897481 20.106926 0.025221 0.605055 0.092342 0.790408
1679940982.191000 -22.026440 -3.333378 20.984991 0.022295 0.612720 0.091006 0.784726
1679940982.259000 -22.104790 -3.006113 21.926670 0.024862 0.625596 0.084388 0.775171
1679940982.291000 -21.120585 -2.942446 22.091859 0.023977 0.625189 0.083777 0.775594
1679940982.326000 -20.186314 -2.608018 21.968185 0.020782 0.625888 0.081472 0.775367
1679940982.359000 -21.107027 -2.948595 21.777673 0.017163 0.626149 0.080891 0.775306
1679940982.390000 -21.873257 -2.954638 21.135135 0.012725 0.625948 0.079956 0.775651
1679940982.527000 -22.789520 -3.210436 21.443404 -0.000978 0.621537 0.074986 0.779787
1679940982.590000 -21.992479 -3.265536 22.044810 -0.001315 0.617742 0.075413 0.782756
1679940982.890000 -21.032230 -3.024226 22.185137 0.003132 0.619346 0.082603 0.780754
1679940982.990000 -21.180793 -3.057127 23.173493 0.002710 0.634083 0.085978 0.768466
1679940983.091000 -21.645309 -3.626850 23.851461 -0.000909 0.640280 0.082711 0.763675
1679940983.124000 -20.680278 -3.400127 23.983033 0.000080 0.640474 0.080881 0.763709
1679940983.258000 -19.875502 -3.375628 24.576106 0.005117 0.646001 0.083349 0.758755
1679940983.290000 -19.002016 -3.214427 25.035492 0.007469 0.648762 0.083370 0.756374
1679940983.323000 -18.252728 -2.794358 25.547459 0.014779 0.652108 0.083384 0.753382
1679940983.391000 -17.386216 -2.320170 25.703354 0.026996 0.655910 0.086905 0.749333
1679940983.456000 -16.407834 -2.152725 25.824724 0.034259 0.660361 0.084545 0.745387
1679940983.490000 -17.393310 -2.239535 25.970673 0.038623 0.660822 0.084266 0.744797
1679940983.593000 -16.624843 -2.383796 26.594090 0.046866 0.659942 0.084225 0.745109
1679940983.690000 -15.900891 -2.518979 27.270564 0.050202 0.664004 0.084485 0.741243
1679940983.724000 -14.925131 -2.669087 27.429815 0.049512 0.666033 0.084497 0.739465
1679940983.928000 -15.916853 -2.696192 27.304300 0.046626 0.667147 0.085314 0.738555
1679940983.991000 -16.019598 -3.240631 28.136784 0.039005 0.672632 0.088566 0.733622
1679940984.024000 -16.857334 -3.187328 27.593315 0.037746 0.672523 0.089377 0.733689
1679940984.059000 -16.027956 -3.545079 28.022439 0.036837 0.672356 0.090111 0.733798
1679940984.124000 -16.965256 -3.696038 27.708305 0.035822 0.671959 0.091089 0.734092
1679940984.223000 -15.975097 -3.591748 27.801628 0.037338 0.673478 0.094299 0.732216
1679940984.257000 -15.013161 -3.795016 27.984275 0.039130 0.674059 0.096395 0.731315
1679940984.357000 -15.860151 -3.816865 27.453117 0.039970 0.675763 0.098745 0.729381
1679940984.390000 -16.044790 -4.491665 28.167648 0.037183 0.681297 0.103255 0.723734
1679940984.424000 -15.119591 -4.400481 28.536013 0.038311 0.682642 0.104008 0.722298
1679940984.558000 -15.822996 -4.848221 29.088055 0.035791 0.691634 0.107451 0.713313
1679940984.623000 -16.821674 -4.897455 29.102842 0.036750 0.694365 0.107284 0.710631
1679940984.790000 -16.275810 -4.704873 29.918283 0.037840 0.703510 0.105091 0.701853
1679940984.823000 -16.401385 -4.935388 30.883215 0.036976 0.710377 0.106177 0.694783
1679940984.959000 -16.489502 -5.062903 31.871130 0.039661 0.717744 0.111771 0.686133
1679940984.991000 -15.583239 -5.026043 32.292234 0.041549 0.719556 0.113427 0.683848
1679940985.023000 -14.591010 -4.946005 32.387496 0.044404 0.720665 0.116450 0.681989
1679940985.123000 -14.693244 -5.816043 32.869765 0.043321 0.729023 0.133911 0.669863
1679940985.191000 -13.695829 -5.752841 32.903951 0.046993 0.729793 0.136680 0.668216
1679940985.227000 -14.687409 -5.742721 33.033049 0.049883 0.730846 0.138751 0.666426
1679940985.358000 -13.715023 -5.673558 33.255944 0.050560 0.733680 0.138989 0.663203
1679940985.461000 -14.242070 -5.112498 32.617638 0.048562 0.734222 0.138638 0.662827
1679940985.525000 -13.273877 -5.244010 32.830492 0.046948 0.735238 0.139507 0.661634
1679940985.591000 -12.334857 -5.272211 33.173196 0.044205 0.736590 0.139489 0.660321
1679940985.690000 -13.135076 -5.679472 33.613409 0.037434 0.739586 0.140390 0.657192
1679940986.125000 -14.118835 -5.858576 33.601552 0.009565 0.727898 0.161080 0.666428
1679940986.223000 -13.306191 -5.450692 33.185331 0.009242 0.727031 0.157909 0.668135
1679940986.290000 -14.264979 -5.706189 33.061048 0.010457 0.727778 0.155569 0.667853
1679940986.358000 -13.285893 -5.766856 33.255236 0.010268 0.728768 0.155629 0.666762
1679940986.492000 -12.920105 -5.539464 32.352743 0.004950 0.728226 0.153683 0.667865
1679940986.557000 -11.939096 -5.395055 32.223260 0.006598 0.729148 0.153324 0.666927
1679940986.725000 -12.788687 -5.702603 32.651757 0.012397 0.736106 0.151784 0.659512
1679940986.823000 -13.044916 -6.125622 33.520895 0.012232 0.745463 0.158012 0.647431
1679940986.893000 -12.089481 -5.871991 33.369851 0.014668 0.745079 0.155861 0.648343
1679940986.924000 -13.043632 -5.992751 33.643734 0.018042 0.743744 0.155399 0.649901
1679940987.092000 -12.139539 -5.717155 33.970326 0.018142 0.744276 0.155137 0.649351
1679940987.192000 -11.142518 -5.792556 33.954108 0.015547 0.744152 0.153951 0.649842
1679940987.258000 -10.272295 -5.489921 34.342854 0.016040 0.744081 0.154850 0.649698
1679940987.325000 -11.246400 -5.714727 34.366966 0.013365 0.744418 0.153357 0.649727
1679940987.490000 -12.191342 -5.874985 34.652277 0.009835 0.744434 0.152407 0.649995
1679940987.892000 -11.739599 -5.943324 35.541804 0.008476 0.751878 0.152014 0.641483
1679940987.959000 -10.741874 -5.988945 35.492167 0.009213 0.752527 0.150548 0.641057
1679940988.090000 -10.832044 -6.297636 36.439046 0.003315 0.758126 0.150802 0.634423
1679940988.256000 -10.654609 -6.502460 37.401627 0.002920 0.776874 0.158101 0.609477
1679940988.290000 -10.275643 -6.734110 38.297576 0.004651 0.782564 0.159000 0.601906
1679940988.390000 -11.136677 -7.030025 38.711163 0.009585 0.787660 0.158600 0.595269
1679940988.490000 -10.892344 -6.830648 37.762190 0.013620 0.783193 0.160449 0.600566
1679940988.590000 -10.062999 -6.696944 37.219685 0.014157 0.783390 0.161575 0.599994
1679940988.723000 -10.562966 -6.190180 36.517387 0.012772 0.781484 0.158690 0.603272
1679940988.791000 -9.628289 -6.069006 36.851597 0.007745 0.783542 0.157068 0.601109
1679940988.858000 -8.631674 -6.148966 36.870703 0.006238 0.783476 0.156331 0.601404
1679940988.990000 -8.618435 -6.468307 37.818251 0.001105 0.790173 0.159867 0.591665
1679940989.125000 -9.605829 -6.437767 37.973556 0.000777 0.789496 0.159539 0.592657
1679940989.158000 -10.547416 -6.725279 38.148914 0.000090 0.788937 0.160581 0.593121
1679940989.259000 -9.630969 -6.665736 37.753214 0.006067 0.786586 0.165166 0.594950
1679940989.358000 -10.239130 -6.964108 38.488819 0.010658 0.782401 0.172418 0.598338
1679940989.390000 -10.054240 -6.636097 37.562415 0.012632 0.776451 0.172543 0.605964
1679940989.625000 -10.988365 -6.989311 37.613898 0.008528 0.777698 0.167561 0.605835
1679940989.724000 -9.996178 -6.940918 37.498902 0.010055 0.778194 0.167089 0.605305
1679940989.958000 -9.468015 -7.094428 38.334053 0.008299 0.774277 0.177848 0.607286
1679940990.057000 -10.412947 -7.415764 38.396080 0.011995 0.773957 0.179946 0.607015
1679940990.090000 -9.448708 -7.296602 38.159346 0.014480 0.774188 0.180589 0.606474
1679940990.257000 -8.984747 -7.094533 37.296844 0.019455 0.771323 0.183388 0.609140
1679940990.359000 -9.825481 -7.434063 37.718610 0.024515 0.771311 0.187825 0.607619
1679940990.595000 -9.718789 -8.235331 38.307325 0.017316 0.783289 0.191259 0.591252
1679940990.690000 -8.852014 -7.933249 37.910529 0.012997 0.784890 0.190424 0.589505
1679940990.824000 -7.947282 -7.612298 37.630436 0.010021 0.787937 0.195884 0.583681
1679940991.024000 -8.940964 -7.687456 37.547078 0.009007 0.789142 0.197034 0.581680
1679940991.126000 -9.867793 -8.010780 37.737991 0.001496 0.791375 0.198228 0.578298
1679940991.192000 -8.915502 -7.832423 37.490344 -0.000344 0.793644 0.196298 0.575844
1679940991.358000 -8.919024 -8.618427 38.108554 -0.014105 0.810072 0.201959 0.550269
1679940991.424000 -9.668467 -8.962925 38.673937 -0.014616 0.815202 0.199481 0.543543
1679940991.456000 -8.718246 -8.686513 38.530138 -0.012187 0.816340 0.201179 0.541265
1679940991.557000 -8.301597 -8.999963 39.383457 -0.011685 0.822759 0.201615 0.531303
1679940991.690000 -7.890682 -9.398006 40.203646 -0.008933 0.830838 0.205922 0.516938
1679940991.790000 -8.705694 -9.755846 40.659393 0.000510 0.835290 0.206012 0.509755
1679940991.825000 -9.570904 -10.037733 41.074064 0.002276 0.836606 0.206552 0.507367
1679940991.860000 -9.189653 -10.415622 41.917775 0.001066 0.842140 0.208502 0.497318
1679940992.123000 -8.200324 -10.341317 41.792447 -0.005564 0.844895 0.204135 0.494419
1679940992.158000 -7.261430 -10.130126 41.520648 -0.006455 0.845579 0.204043 0.493275
1679940992.193000 -6.529665 -9.962245 40.860090 -0.008253 0.845502 0.205547 0.492757
1679940992.224000 -5.860415 -9.599030 40.211878 -0.009316 0.845413 0.206604 0.492448
1679940992.323000 -6.477436 -9.962284 40.909969 -0.014165 0.844330 0.210518 0.492533
1679940992.657000 -5.834727 -9.570919 40.251366 -0.011455 0.843469 0.215852 0.491769
1679940992.858000 -5.834444 -10.101887 41.098757 -0.021490 0.849481 0.217070 0.480418
1679940992.892000 -6.729078 -10.364763 41.460041 -0.024617 0.850739 0.217310 0.477927
1679940992.926000 -7.618350 -10.714281 41.755052 -0.026751 0.852214 0.217792 0.474955
1679940992.992000 -8.174998 -11.109841 42.485583 -0.029825 0.853630 0.221764 0.470370
1679940993.092000 -7.487697 -11.331500 43.177309 -0.031081 0.859983 0.226429 0.456281
1679940993.191000 -8.329481 -11.600735 43.645189 -0.026420 0.862861 0.226881 0.450886
1679940993.224000 -7.701750 -11.066726 43.078807 -0.023420 0.864095 0.227924 0.448155
1679940993.358000 -7.076972 -11.303671 43.822789 -0.024356 0.869051 0.228879 0.437916
1679940993.390000 -6.561195 -11.753720 44.551781 -0.027620 0.874062 0.232674 0.425578
1679940993.425000 -5.921409 -11.374073 43.883542 -0.029785 0.874468 0.232825 0.424513
1679940993.460000 -5.235677 -11.067515 43.223396 -0.034142 0.874834 0.232599 0.423553
1679940993.524000 -4.353332 -10.859571 42.801227 -0.040860 0.875453 0.233203 0.421342
1679940993.659000 -5.326280 -10.868540 43.032078 -0.041087 0.875361 0.231543 0.422426
1679940993.757000 -5.587106 -11.406619 43.833602 -0.041199 0.874171 0.229250 0.426113
1679940993.861000 -4.838480 -11.134628 43.228969 -0.040148 0.873044 0.230380 0.427910
1679940993.925000 -4.299277 -10.635554 42.550600 -0.041083 0.871826 0.234414 0.428113
1679940993.957000 -5.059290 -11.232264 42.808120 -0.041169 0.871390 0.235583 0.428352
1679940994.091000 -4.561989 -10.830994 42.038917 -0.038562 0.869538 0.236793 0.431677
1679940994.124000 -3.971260 -10.553544 41.281249 -0.037800 0.868584 0.239976 0.431908
1679940994.191000 -3.303048 -10.192868 40.630554 -0.039672 0.867496 0.241404 0.433129
1679940994.459000 -3.008153 -11.049095 41.054713 -0.038994 0.870898 0.245138 0.424173
1679940994.626000 -3.896567 -10.915523 40.615534 -0.036283 0.877968 0.235399 0.415262
1679940994.657000 -4.750832 -11.115226 41.095483 -0.033440 0.880142 0.232747 0.412384
1679940994.757000 -5.295220 -11.488734 41.846571 -0.023992 0.887475 0.226175 0.400821
1679940994.890000 -5.303475 -12.172589 42.576142 -0.017726 0.895565 0.226169 0.382749
1679940995.024000 -5.018134 -12.983539 43.086966 -0.020633 0.900687 0.243261 0.359391
1679940995.126000 -4.269909 -12.606939 42.540767 -0.026766 0.903678 0.237858 0.355067
1679940995.224000 -3.629330 -12.484217 41.782745 -0.025421 0.904421 0.235190 0.355051
1679940995.391000 -4.406609 -12.574686 42.405362 -0.023716 0.904258 0.232998 0.357026
1679940995.728000 -5.132706 -12.898767 43.011790 -0.027095 0.903653 0.236480 0.356025
1679940995.825000 -5.447103 -13.249231 43.894020 -0.028406 0.904724 0.237675 0.352388
1679940995.957000 -4.765127 -12.722244 44.401163 -0.026798 0.922988 0.219788 0.314750
1679940996.123000 -5.091228 -13.327131 45.127640 -0.023869 0.924661 0.223890 0.307093
1679940996.258000 -4.413516 -12.891441 44.535289 -0.024655 0.925467 0.222484 0.305621
1679940996.357000 -4.761503 -13.160062 45.433480 -0.023264 0.926033 0.219531 0.306150
1679940996.390000 -5.280444 -13.550696 46.193813 -0.021929 0.926674 0.216764 0.306279
1679940996.490000 -5.672247 -13.985635 47.004564 -0.018737 0.928421 0.211173 0.305106
1679940996.557000 -5.114585 -13.623401 46.257705 -0.019266 0.929620 0.209021 0.302896
1679940996.625000 -4.623428 -13.258806 45.466607 -0.020880 0.930558 0.207724 0.300795
1679940996.658000 -4.084614 -12.901573 44.703676 -0.021860 0.931079 0.206583 0.299895
1679940996.757000 -3.248428 -12.679476 44.202211 -0.030472 0.931797 0.205567 0.297605
1679940996.924000 -2.270324 -12.637381 44.406025 -0.038205 0.929433 0.213032 0.298850
1679940996.958000 -2.687812 -13.093955 45.191674 -0.038548 0.928220 0.214147 0.301767
1679940997.024000 -2.142799 -12.723289 44.439632 -0.034070 0.926147 0.216504 0.306948
1679940997.091000 -2.594532 -13.188497 45.200894 -0.033124 0.925388 0.217740 0.308463
1679940997.157000 -3.204447 -13.461588 45.944819 -0.030955 0.925627 0.219102 0.307002
1679940997.193000 -2.533917 -13.137942 45.277254 -0.028619 0.926153 0.219439 0.305399
1679940997.457000 -2.002590 -12.652467 44.582988 -0.030184 0.927297 0.219400 0.301782
1679940997.492000 -1.474337 -12.250377 43.835143 -0.033741 0.928324 0.219714 0.297997
1679940997.524000 -0.989650 -11.825457 43.070603 -0.034830 0.928914 0.221276 0.294861
1679940997.591000 -0.335174 -11.555709 42.364276 -0.036254 0.929986 0.224773 0.288599
1679940997.757000 0.549145 -11.668546 42.817317 -0.032791 0.936771 0.226480 0.264749
1679940997.823000 1.158175 -11.526490 42.036995 -0.031482 0.937985 0.224475 0.262305
1679940997.991000 0.633049 -11.974956 42.760266 -0.026674 0.944215 0.216435 0.246786
1679940998.124000 0.573881 -12.511368 43.602146 -0.036904 0.944451 0.221868 0.239636
1679940998.191000 1.346049 -12.467257 42.968260 -0.036904 0.944451 0.221868 0.239636
1679940998.227000 1.853336 -12.352221 42.114196 -0.036904 0.944451 0.221868 0.239636
1679940998.426000 2.770383 -12.012051 42.322303 -0.035621 0.945269 0.227027 0.231637
1679940998.559000 2.651563 -12.568263 43.144805 -0.039946 0.942683 0.235055 0.233459
1679940998.725000 2.465895 -13.139692 43.944178 -0.039544 0.943079 0.233204 0.233783
1679940998.891000 3.062858 -13.682407 44.535021 -0.040276 0.944774 0.233754 0.226141
1679940998.926000 2.351325 -13.726267 45.236304 -0.040930 0.945572 0.231419 0.225085
1679940998.959000 2.804019 -13.164936 44.543500 -0.039111 0.946719 0.229443 0.222596
1679940998.993000 2.619317 -13.583132 45.432881 -0.037278 0.947557 0.228508 0.220295
1679940999.058000 2.348124 -14.080604 46.256880 -0.032276 0.949230 0.227297 0.215073
1679940999.157000 1.947755 -14.641238 46.981721 -0.025098 0.953407 0.220054 0.204846
1679940999.290000 2.270093 -14.324627 46.089614 -0.022129 0.954151 0.219251 0.202572
1679940999.424000 3.172416 -14.019980 45.784650 -0.010039 0.957190 0.215267 0.193254
1679940999.590000 3.361796 -13.604255 44.895095 -0.010630 0.957391 0.214747 0.192802
1679940999.623000 3.280964 -13.828305 45.866315 -0.011460 0.957697 0.214519 0.191485
1679940999.823000 2.478222 -14.075407 46.409036 -0.017668 0.956282 0.211176 0.201537
1679940999.957000 1.732223 -13.892591 45.768675 -0.017260 0.951628 0.213395 0.220386
1679941000.058000 1.491157 -14.302691 46.648280 -0.017991 0.951686 0.214012 0.219473
1679941000.190000 1.331147 -14.782994 47.510664 -0.013034 0.953301 0.215006 0.211709
1679941000.227000 1.123768 -15.181898 48.403899 -0.016615 0.953318 0.217651 0.208656
1679941000.258000 0.867218 -15.673316 49.236179 -0.019668 0.953256 0.220833 0.205302
1679941000.324000 0.148992 -15.649133 48.540789 -0.028822 0.952611 0.223911 0.203878
1679941000.426000 0.928168 -15.137340 48.902663 -0.036157 0.959957 0.211372 0.180272
1679941000.460000 1.337418 -14.894609 48.023120 -0.039207 0.960105 0.212745 0.177202
1679941000.591000 1.814238 -15.467721 48.689592 -0.042029 0.960144 0.221313 0.165463
1679941000.790000 2.240142 -15.062631 47.880575 -0.032034 0.960717 0.222605 0.162615
1679941000.862000 1.493162 -15.033155 48.544769 -0.025668 0.961133 0.217860 0.167634
1679941000.993000 2.294945 -15.251079 49.101234 -0.021192 0.964274 0.215970 0.151931
1679941001.091000 2.796416 -14.870698 48.324164 -0.021609 0.965082 0.215859 0.146816
1679941001.193000 2.694111 -15.062072 49.300335 -0.025072 0.965622 0.214238 0.145080
1679941001.224000 1.901373 -14.977476 49.903999 -0.025459 0.965996 0.212896 0.144497
1679941001.392000 0.907444 -14.882718 49.848097 -0.029468 0.964548 0.212086 0.154269
1679941001.591000 1.534980 -14.166407 49.542981 -0.024920 0.967039 0.207410 0.145588
1679941001.924000 0.535714 -14.160075 49.505217 -0.022887 0.966438 0.207692 0.149460
1679941001.958000 0.645397 -13.699470 48.624414 -0.023756 0.967107 0.206323 0.146870
1679941001.992000 0.728023 -13.220948 47.750235 -0.023657 0.967912 0.204207 0.144518
1679941002.059000 0.882719 -12.966560 46.795585 -0.025212 0.968699 0.202674 0.141100
1679941002.125000 1.864280 -12.780179 46.753148 -0.027760 0.970344 0.202003 0.129832
1679941002.157000 0.889804 -12.564108 46.814062 -0.030023 0.969846 0.201637 0.133565
1679941002.190000 1.100503 -12.324580 45.866311 -0.030160 0.969849 0.202577 0.132082
1679941002.260000 0.100697 -12.339406 45.853343 -0.030962 0.969123 0.202408 0.137377
1679941002.391000 -0.405843 -12.582281 46.680645 -0.023084 0.969520 0.200524 0.138878
1679941002.459000 -1.314238 -12.349801 47.028168 -0.016549 0.969999 0.192100 0.148071
1679941002.490000 -1.223366 -12.775906 47.928266 -0.012859 0.970459 0.188658 0.149840
1679941002.557000 -0.701602 -13.190601 48.673780 -0.007623 0.971275 0.186643 0.147414
1679941002.758000 0.101187 -13.014140 48.104226 -0.019828 0.969951 0.194691 0.144561
1679941002.825000 0.144261 -12.783843 47.132059 -0.019343 0.969873 0.195807 0.143639
1679941002.859000 0.442141 -12.584912 46.198414 -0.021243 0.970167 0.196287 0.140698
1679941002.924000 0.905991 -12.033656 45.504901 -0.022220 0.970938 0.197682 0.133067
1679941003.024000 1.556987 -12.759809 45.726046 -0.024537 0.969460 0.213159 0.118776
1679941003.060000 1.835819 -13.028579 46.648009 -0.026307 0.968915 0.216102 0.117522
1679941003.092000 1.837432 -12.621438 45.734645 -0.027044 0.968391 0.218887 0.116519
1679941003.324000 2.250894 -12.198058 44.928544 -0.031668 0.968693 0.218965 0.112632
1679941003.525000 2.740532 -11.733813 44.190486 -0.031991 0.968383 0.224863 0.103188
1679941003.623000 2.874171 -12.147825 45.090894 -0.029730 0.969062 0.222953 0.101618
1679941003.658000 3.378896 -12.073937 44.230781 -0.028135 0.969957 0.219786 0.100429
1679941003.760000 3.824157 -11.645090 43.444758 -0.023370 0.972485 0.212698 0.092118
1679941003.857000 3.515565 -12.594602 43.501315 -0.011618 0.974043 0.208790 0.086673
1679941003.958000 2.548932 -12.532871 43.749931 -0.013452 0.973940 0.208182 0.088990
1679941004.057000 2.506613 -12.211086 42.804065 -0.014952 0.974451 0.206331 0.087465
1679941004.092000 2.581820 -11.749278 41.920279 -0.016209 0.974657 0.205325 0.087312
1679941004.257000 2.828321 -11.373048 41.027145 -0.017149 0.973674 0.209754 0.087571
1679941004.490000 3.827130 -11.348671 40.984873 -0.016509 0.975399 0.209593 0.066290
1679941004.591000 4.358348 -10.507575 41.086691 -0.016536 0.983815 0.175558 0.031826
1679941004.623000 4.526390 -10.890040 41.995251 -0.016234 0.983911 0.175781 0.027499
1679941004.659000 4.722350 -10.598516 41.058975 -0.017787 0.983942 0.175992 0.023847
1679941004.691000 5.434305 -9.898978 41.120350 -0.020581 0.985541 0.167914 0.009471
1679941004.757000 5.679020 -10.635033 41.751490 -0.018371 0.984183 0.176179 0.002625
1679941004.891000 5.903184 -10.067446 40.959280 -0.018363 0.983543 0.179363 -0.011594
1679941004.924000 5.881449 -10.071832 39.959526 -0.020382 0.983334 0.180004 -0.015373
1679941004.990000 5.922750 -10.409931 40.899730 -0.017164 0.983058 0.181032 -0.023039
1679941005.124000 6.920384 -10.472081 40.929118 -0.015504 0.982251 0.179132 -0.053429
1679941005.227000 6.824282 -10.161107 39.983571 -0.004899 0.982775 0.174458 -0.060774
1679941005.324000 6.790232 -11.075108 40.387852 0.010663 0.984093 0.164540 -0.066133
1679941005.424000 6.938847 -11.375220 41.330107 0.011923 0.984072 0.159122 -0.078365
1679941005.490000 7.617621 -10.732657 40.974609 0.012416 0.984229 0.147052 -0.097545
1679941005.627000 7.776435 -10.378521 40.052999 0.013157 0.983865 0.149822 -0.096900
1679941005.690000 7.301725 -10.001354 39.257765 0.010289 0.983246 0.155508 -0.094549
1679941005.791000 6.993928 -9.735403 40.171292 0.010989 0.982354 0.160985 -0.094571
1679941005.859000 7.151701 -9.900659 39.197743 0.010319 0.981874 0.162820 -0.096475
1679941006.024000 8.040595 -10.273515 38.931574 0.014416 0.978594 0.169751 -0.115461
1679941006.058000 7.383689 -9.986458 38.234386 0.016244 0.978628 0.168317 -0.117016
1679941006.325000 7.108006 -9.866143 39.188075 0.013843 0.978472 0.168559 -0.118274
1679941006.458000 6.879266 -9.449117 38.308435 0.017132 0.976926 0.168388 -0.130256
1679941006.591000 7.010114 -9.025464 37.412110 0.020041 0.975901 0.167002 -0.139017
1679941006.691000 6.787124 -8.702046 36.492504 0.023014 0.976158 0.162003 -0.142621
1679941006.723000 7.617347 -9.184888 36.771057 0.025485 0.976054 0.159767 -0.145410
1679941006.758000 8.571763 -9.431172 36.602428 0.026771 0.975370 0.157363 -0.152231
1679941006.823000 9.178498 -8.653582 36.437423 0.024660 0.975520 0.148425 -0.160381
1679941006.925000 9.955578 -8.577400 35.812648 0.020126 0.971441 0.151348 -0.181632
1679941006.990000 10.101804 -8.212109 34.893311 0.014579 0.970334 0.153587 -0.186148
1679941007.025000 10.863895 -8.475694 35.484700 0.011861 0.970290 0.154343 -0.185944
1679941007.060000 10.113966 -8.213823 34.877222 0.009523 0.970440 0.153937 -0.185632
1679941007.157000 9.359714 -8.241084 35.533241 0.009630 0.972419 0.154228 -0.174704
1679941007.390000 9.921866 -7.499736 35.166651 0.009939 0.972010 0.148325 -0.181928
1679941007.425000 10.627731 -8.188752 35.002299 0.012408 0.969748 0.154807 -0.188334
1679941007.557000 9.917053 -7.928479 34.348698 0.010631 0.969538 0.155553 -0.188910
1679941007.690000 9.190126 -7.747606 33.686232 0.010957 0.969211 0.156539 -0.189750
1679941007.994000 9.948427 -7.844096 33.041508 0.014614 0.967687 0.155725 -0.197782
1679941008.125000 10.858162 -8.131206 32.741593 0.026673 0.962957 0.157137 -0.217510
1679941008.192000 10.187083 -7.977915 32.016228 0.031562 0.961531 0.159924 -0.221101
1679941008.223000 9.784271 -8.003611 31.101306 0.032903 0.961170 0.161222 -0.221534
1679941008.390000 9.494787 -7.527304 30.271046 0.036596 0.959683 0.160737 -0.227668
1679941008.492000 8.850521 -7.196910 29.581292 0.037429 0.959381 0.159560 -0.229625
1679941008.527000 8.094960 -7.107886 28.932291 0.034455 0.958988 0.159737 -0.231602
1679941008.659000 8.933567 -7.034296 28.392546 0.024833 0.956562 0.164942 -0.239096
1679941008.824000 8.517378 -6.958177 27.486460 0.026131 0.957573 0.167955 -0.232726
1679941008.959000 9.055342 -7.046555 28.324782 0.031283 0.957065 0.168072 -0.234093
1679941008.992000 8.377697 -6.948480 27.595962 0.033336 0.956429 0.168152 -0.236341
1679941009.125000 8.958079 -6.919134 28.409777 0.033336 0.956429 0.168152 -0.236341
1679941009.326000 9.315745 -6.901616 29.343462 0.022868 0.957675 0.167489 -0.232987
1679941009.424000 8.906710 -6.889344 28.431027 0.020347 0.957347 0.168693 -0.233699
1679941009.524000 9.484970 -6.345259 27.823091 0.017111 0.954110 0.167384 -0.247719
1679941009.724000 10.287651 -6.192656 27.246535 0.017144 0.947859 0.162425 -0.273656
1679941009.824000 11.032179 -5.969829 26.617229 0.015699 0.940628 0.152246 -0.302973
1679941009.925000 11.544552 -6.216758 27.439726 0.016651 0.938448 0.144778 -0.313175
1679941009.957000 12.505334 -6.492390 27.409283 0.017846 0.937204 0.144590 -0.316899
1679941010.125000 11.929043 -6.607994 26.600257 0.017190 0.937381 0.145873 -0.315819
1679941010.292000 11.436824 -6.366639 27.436599 0.016819 0.938464 0.146530 -0.312299
1679941010.427000 10.652543 -6.095462 27.994601 0.016161 0.939997 0.146124 -0.307884
1679941010.592000 10.195432 -5.876803 27.132488 0.023307 0.936085 0.149669 -0.317491
1679941010.658000 9.648369 -5.646372 27.937238 0.019653 0.936292 0.150763 -0.316611
1679941010.726000 10.550691 -5.864227 28.309197 0.017709 0.935332 0.150582 -0.319632
1679941010.790000 9.857573 -5.797091 27.591506 0.015556 0.934559 0.150244 -0.322154
1679941010.990000 10.568208 -6.065629 26.941210 0.020219 0.929292 0.153871 -0.335159
1679941011.058000 10.565830 -6.021120 27.940216 0.020324 0.929696 0.153316 -0.334285
1679941011.224000 10.670620 -6.861313 28.472282 0.031063 0.929706 0.135115 -0.341211
1679941011.357000 11.377466 -7.208320 29.088687 0.030218 0.926333 0.130054 -0.352250
1679941011.424000 11.998943 -7.104300 28.312190 0.026559 0.921880 0.131335 -0.363570
1679941011.626000 11.401360 -6.702000 27.618613 0.019974 0.922941 0.134204 -0.360236
1679941011.792000 11.669316 -6.632890 28.579562 0.021864 0.923266 0.136744 -0.358333
1679941012.025000 12.378275 -7.145834 28.095552 0.028100 0.911793 0.145220 -0.383087
1679941012.091000 13.195882 -7.533801 28.520993 0.030910 0.908265 0.146574 -0.390660
1679941012.126000 12.755625 -7.416019 27.630880 0.032624 0.906840 0.148206 -0.393207
1679941012.158000 11.859361 -7.485910 27.192901 0.031883 0.905731 0.150367 -0.394999
1679941012.456000 11.276409 -7.479483 26.380419 0.026219 0.905945 0.151275 -0.394578
1679941012.492000 10.600484 -7.436679 25.644693 0.025836 0.905993 0.151785 -0.394296
1679941012.526000 10.002416 -7.289298 24.856915 0.025094 0.905176 0.153326 -0.395623
1679941012.557000 9.516227 -7.226956 23.985288 0.024782 0.904314 0.154683 -0.397083
1679941012.591000 8.826693 -7.205236 23.261361 0.025686 0.904218 0.154760 -0.397216
1679941012.657000 8.342460 -7.387224 24.117164 0.026113 0.905460 0.155181 -0.394181
1679941012.724000 7.887887 -7.098767 23.274457 0.028259 0.904719 0.151625 -0.397108
1679941012.791000 8.384446 -7.851670 23.706390 0.037494 0.904048 0.141688 -0.401518
1679941012.891000 8.308591 -7.624464 24.677279 0.039044 0.904372 0.140349 -0.401111
1679941013.093000 9.045193 -8.024602 24.132019 0.046814 0.897245 0.141374 -0.415661
1679941013.159000 8.711087 -7.513819 23.339886 0.046452 0.895527 0.140924 -0.419539
1679941013.191000 8.188001 -7.573451 22.489696 0.044074 0.895195 0.141644 -0.420263
1679941013.427000 9.073044 -7.850180 22.115371 0.031510 0.882821 0.158644 -0.440984
1679941013.557000 8.511073 -7.860675 21.288281 0.027681 0.883961 0.155935 -0.439921
1679941013.691000 8.657404 -7.874088 22.277426 0.026580 0.889368 0.142844 -0.433489
1679941013.724000 7.889875 -7.867326 21.636447 0.028803 0.889115 0.141642 -0.434260
1679941013.757000 6.907809 -7.997283 21.499849 0.031436 0.888590 0.141811 -0.435097
1679941013.825000 7.578642 -8.098332 22.234541 0.035156 0.887254 0.145723 -0.436245
1679941013.924000 8.346506 -8.540348 22.698230 0.035966 0.886609 0.151746 -0.435435
1679941014.061000 9.079704 -8.883115 22.110921 0.029311 0.880483 0.150451 -0.448614
1679941014.258000 9.923047 -9.409376 22.219656 0.034670 0.876660 0.155673 -0.453907
1679941014.391000 10.607729 -9.793427 21.600209 0.041502 0.868627 0.155347 -0.468648
1679941014.525000 11.306621 -10.104132 20.955995 0.055012 0.857556 0.148438 -0.489425
1679941014.624000 11.908895 -10.900200 21.015505 0.068523 0.856556 0.140543 -0.491796
1679941014.690000 12.787449 -11.298785 21.278704 0.074579 0.856268 0.137181 -0.492366
1679941014.823000 12.226831 -10.940995 20.531915 0.070169 0.854780 0.139348 -0.494984
1679941014.857000 11.362241 -10.912063 20.030270 0.068792 0.854512 0.140761 -0.495241
1679941014.890000 10.518537 -10.858517 19.496140 0.068184 0.854030 0.143212 -0.495453
1679941015.057000 10.491803 -10.599080 20.461530 0.063898 0.856855 0.143645 -0.491002
1679941015.124000 9.660865 -10.515112 19.911536 0.063718 0.856143 0.144101 -0.492133
1679941015.290000 8.847356 -10.497498 20.492821 0.062713 0.855030 0.144462 -0.494086
1679941015.326000 9.701679 -10.893936 20.828929 0.064508 0.853133 0.143297 -0.497463
1679941015.391000 10.413233 -11.407461 21.308495 -0.068663 -0.849561 -0.139229 0.504129
1679941015.425000 9.574435 -11.396060 20.764171 -0.067296 -0.847311 -0.139967 0.507882
1679941015.558000 9.737954 -11.029835 19.848124 -0.059590 -0.841420 -0.138781 0.518846
1679941015.623000 9.715673 -10.381077 19.087456 -0.056582 -0.837503 -0.132774 0.527027
1679941015.691000 10.171456 -10.451664 18.200169 -0.056044 -0.826606 -0.133540 0.543827
1679941015.724000 10.599272 -10.477231 17.296664 -0.058005 -0.819476 -0.132778 0.554495
1679941015.924000 10.669830 -10.302277 16.314619 -0.055316 -0.800440 -0.118728 0.584927
1679941016.059000 10.287297 -9.970539 15.452286 -0.057042 -0.790295 -0.111491 0.599791
1679941016.091000 10.587526 -10.440366 14.622150 -0.063946 -0.779777 -0.112693 0.612502
1679941016.157000 11.242503 -10.394964 15.376433 -0.065398 -0.772289 -0.112917 0.621725
1679941016.224000 11.137576 -9.995588 14.465670 -0.064303 -0.761605 -0.105235 0.636199
1679941016.357000 10.816481 -9.705034 13.564296 -0.062041 -0.749403 -0.100855 0.651440
1679941016.457000 11.796745 -9.521249 13.491453 -0.061191 -0.749682 -0.098615 0.651543
1679941016.490000 10.861056 -9.708561 13.790453 -0.059676 -0.749699 -0.098297 0.651711
1679941016.525000 11.030717 -9.077354 13.033622 -0.057591 -0.746649 -0.094302 0.655977
1679941016.592000 10.057341 -9.267761 13.161228 -0.059010 -0.745529 -0.096365 0.656824
1679941016.624000 9.061845 -9.309243 13.075971 -0.060521 -0.744143 -0.098514 0.657939
1679941016.656000 8.093080 -9.200684 12.853015 -0.061802 -0.742335 -0.099571 0.659700
1679941016.792000 7.265529 -9.242895 12.293215 -0.071114 -0.731400 -0.102004 0.670516
1679941016.857000 7.059291 -9.395715 11.326720 -0.077675 -0.718177 -0.101834 0.683973
1679941016.890000 8.040304 -9.269516 11.179456 -0.081259 -0.714306 -0.102113 0.687559
1679941016.923000 8.025924 -9.689028 10.271820 -0.087095 -0.701947 -0.107455 0.698669
1679941016.991000 8.831151 -10.281792 10.287288 -0.094091 -0.696210 -0.107382 0.703497
1679941017.124000 7.922832 -9.887105 10.148802 -0.087076 -0.694550 -0.108209 0.705910
1679941017.257000 6.987522 -9.995546 9.812000 -0.086372 -0.694893 -0.108253 0.705652
1679941017.293000 7.288842 -9.819486 10.749128 -0.086147 -0.697461 -0.106895 0.703349
1679941017.590000 8.150217 -10.074001 11.188735 -0.082272 -0.690519 -0.094097 0.712433
1679941017.658000 9.060474 -10.475987 11.089539 -0.081506 -0.688437 -0.093059 0.714669
1679941017.725000 9.101576 -10.200554 10.129098 -0.078789 -0.682095 -0.092550 0.721092
1679941017.792000 10.072566 -10.433008 10.073030 -0.077668 -0.682377 -0.094770 0.720658
1679941017.825000 10.034433 -9.961975 9.191739 -0.075827 -0.678578 -0.092616 0.724710
1679941017.924000 9.090555 -9.777145 8.918002 -0.078016 -0.683121 -0.093144 0.720127
1679941017.990000 8.108256 -9.744063 9.102379 -0.078335 -0.685483 -0.093040 0.717858
1679941018.124000 7.131577 -9.661737 9.300670 -0.078729 -0.687701 -0.093007 0.715694
1679941018.191000 6.336564 -9.549393 9.896768 -0.075430 -0.689218 -0.094226 0.714431
1679941018.257000 5.501687 -9.187185 9.482297 -0.075430 -0.689218 -0.094226 0.714431
1679941018.290000 4.557477 -9.303730 9.790332 -0.076919 -0.689455 -0.093596 0.714126
1679941018.357000 5.482666 -9.483117 9.455899 -0.081195 -0.687657 -0.091485 0.715657
1679941018.590000 6.078162 -9.661313 8.672553 -0.088724 -0.681810 -0.092465 0.720218
1679941018.626000 5.152459 -9.314278 8.522085 -0.091294 -0.680980 -0.093375 0.720564
1679941018.690000 4.172821 -9.137725 8.617681 -0.094812 -0.675570 -0.097904 0.724590
1679941018.757000 5.106475 -9.417590 8.394149 -0.101327 -0.670207 -0.097847 0.728685
1679941018.959000 4.169119 -9.200942 8.121334 -0.101546 -0.667457 -0.097585 0.731209
1679941019.057000 3.461613 -8.498218 8.046402 -0.106336 -0.658271 -0.083369 0.740555
1679941019.124000 2.550991 -8.109961 7.904898 -0.104907 -0.654352 -0.083552 0.744202
1679941019.193000 3.508839 -8.279052 7.672659 -0.100620 -0.649112 -0.080152 0.749737
1679941019.292000 4.435546 -8.581224 7.449259 -0.097449 -0.643046 -0.066003 0.756729
1679941019.390000 5.415568 -8.722317 7.309085 -0.096174 -0.636074 -0.058390 0.763381
1679941019.457000 4.514436 -8.290355 7.272067 -0.093545 -0.632753 -0.053998 0.766784
1679941019.491000 4.361772 -8.263969 6.284141 -0.091555 -0.626138 -0.053837 0.772444
1679941019.525000 5.341772 -8.233490 6.087490 -0.089796 -0.626347 -0.054483 0.772436
1679941019.558000 6.251982 -8.215113 5.673752 -0.088859 -0.626018 -0.054902 0.772781
1679941019.623000 7.114090 -8.121318 5.175782 -0.090910 -0.625593 -0.057562 0.772694
1679941019.693000 7.945922 -8.362564 4.675928 -0.092637 -0.625436 -0.059057 0.772503
1679941019.791000 8.800899 -8.378534 4.157508 -0.093742 -0.626332 -0.059802 0.771586
1679941019.992000 7.840730 -8.099280 4.167083 -0.089919 -0.623017 -0.054980 0.775075
1679941020.057000 6.881237 -8.049070 4.444305 -0.090719 -0.622127 -0.054870 0.775705
1679941020.157000 5.949464 -7.762227 4.666834 -0.091155 -0.625069 -0.054423 0.773316
1679941020.226000 5.186133 -7.925208 5.291944 -0.090911 -0.627394 -0.056655 0.771299
1679941020.257000 4.401127 -8.077974 5.892302 -0.090823 -0.629499 -0.060195 0.769323
1679941020.324000 4.014452 -8.164556 6.810445 -0.091465 -0.632075 -0.069689 0.766328
1679941020.357000 4.863556 -8.188740 6.282773 -0.094145 -0.631850 -0.071594 0.766013
1679941020.392000 5.733166 -8.087440 5.799537 -0.096391 -0.630937 -0.073603 0.766296
1679941020.624000 4.778388 -7.794718 5.747451 -0.096762 -0.627639 -0.068123 0.769458
1679941020.725000 3.884157 -7.442114 5.471729 -0.094849 -0.621515 -0.060703 0.775266
1679941020.759000 2.922582 -7.388188 5.740921 -0.095791 -0.620232 -0.057290 0.776437
1679941020.790000 1.923874 -7.438124 5.731477 -0.095840 -0.619001 -0.056887 0.777442
1679941020.890000 1.091870 -7.201258 5.229817 -0.095955 -0.613084 -0.054249 0.782290
1679941020.994000 0.726582 -7.140726 4.300892 -0.099838 -0.601417 -0.043756 0.791464
1679941021.057000 -0.251973 -7.164898 4.505454 -0.101912 -0.598057 -0.045496 0.793644
1679941021.090000 -1.222580 -6.928666 4.551447 -0.102755 -0.595133 -0.046541 0.795671
1679941021.160000 -0.272090 -7.092642 4.287480 -0.103260 -0.587162 -0.048812 0.801371
1679941021.191000 -1.227361 -6.839694 4.440691 -0.103873 -0.582923 -0.048034 0.804428
1679941021.257000 -2.101687 -6.393972 4.248633 -0.105380 -0.572989 -0.043294 0.811606
1679941021.291000 -1.542846 -6.675998 3.468788 -0.106921 -0.569281 -0.045831 0.813872
1679941021.325000 -1.981542 -6.642535 4.366800 -0.109443 -0.567691 -0.047919 0.814526
1679941021.458000 -2.765532 -6.362953 4.921051 -0.118482 -0.570990 -0.053799 0.810579
1679941021.492000 -3.647621 -6.249395 5.378242 -0.121157 -0.572424 -0.052586 0.809251
1679941021.626000 -2.704831 -6.279228 5.046191 -0.120620 -0.571622 -0.052533 0.809901
1679941021.762000 -3.607962 -5.916879 4.815847 -0.117215 -0.566792 -0.055577 0.813584
1679941021.825000 -4.592732 -5.800254 4.944791 -0.112271 -0.566649 -0.057130 0.814273
1679941021.890000 -3.762443 -5.833328 5.501141 -0.103980 -0.565655 -0.064145 0.815542
1679941021.957000 -4.724551 -5.654033 5.706567 -0.102532 -0.559723 -0.068459 0.819457
1679941021.991000 -5.635927 -5.530249 6.099087 -0.105636 -0.557057 -0.069198 0.820817
1679941022.025000 -6.593575 -5.288352 6.255280 -0.110021 -0.554783 -0.068097 0.821872
1679941022.190000 -7.382017 -5.270323 5.640435 -0.116128 -0.537471 -0.070851 0.832238
1679941022.258000 -8.370293 -5.190029 5.770300 -0.116956 -0.534452 -0.068551 0.834256
1679941022.290000 -9.140029 -4.924716 6.350916 -0.115425 -0.531662 -0.065556 0.836490
1679941022.525000 -9.602497 -4.982046 5.466135 -0.104697 -0.509889 -0.058161 0.851862
1679941022.725000 -8.847776 -4.921191 6.119353 -0.104418 -0.508092 -0.061759 0.852716
1679941022.857000 -9.537851 -4.515757 5.519837 -0.109374 -0.498254 -0.060225 0.857994
1679941023.090000 -10.292689 -4.325690 6.147605 -0.112482 -0.494227 -0.057336 0.860116
1679941023.190000 -10.928910 -4.094796 6.883751 -0.114579 -0.492706 -0.057930 0.860672
1679941023.259000 -10.100214 -4.490851 6.488274 -0.117870 -0.492548 -0.059477 0.860213
1679941023.326000 -10.764278 -4.361868 7.224740 -0.120761 -0.495602 -0.061715 0.857896
1679941023.358000 -10.588892 -4.619499 8.174932 -0.122941 -0.502604 -0.062122 0.853472
1679941023.424000 -9.614054 -4.682136 7.961000 -0.118618 -0.503855 -0.063081 0.853276
1679941023.558000 -9.356419 -4.895376 7.018582 -0.120396 -0.501703 -0.069264 0.853816
1679941023.624000 -8.370847 -4.906894 7.187446 -0.120580 -0.504329 -0.068919 0.852269
1679941023.725000 -7.389494 -4.719287 7.229275 -0.120676 -0.505681 -0.066877 0.851617
1679941024.190000 -8.070241 -4.635463 7.956981 -0.116449 -0.505740 -0.069690 0.851945
1679941024.257000 -7.991974 -5.121513 7.086562 -0.116920 -0.494442 -0.075017 0.858038
1679941024.327000 -7.907563 -4.125318 7.064899 -0.111983 -0.495002 -0.065699 0.859137
1679941024.392000 -8.334141 -4.149250 6.160765 -0.117133 -0.489624 -0.069059 0.861266
1679941024.495000 -8.759009 -3.962308 7.046508 -0.121187 -0.500454 -0.076116 0.853853
1679941024.657000 -9.633585 -3.937827 7.530778 -0.123970 -0.501171 -0.077327 0.852924
1679941024.757000 -8.994986 -4.195913 6.805806 -0.125189 -0.499519 -0.079103 0.853552
1679941024.824000 -8.232993 -3.811813 7.327183 -0.123052 -0.505925 -0.077936 0.850190
1679941025.026000 -8.640848 -4.179009 6.491227 -0.122613 -0.490935 -0.080725 0.858739
1679941025.123000 -8.899394 -4.468575 5.569649 -0.128105 -0.480877 -0.084126 0.863290
1679941025.157000 -9.752119 -4.157162 5.989032 -0.132513 -0.479492 -0.084023 0.863405
1679941025.194000 -8.860029 -4.308921 5.563420 -0.136922 -0.477884 -0.083793 0.863631
1679941025.291000 -9.533541 -4.215903 4.830120 -0.139354 -0.454629 -0.083532 0.875737
1679941025.325000 -8.624431 -4.359941 4.439260 -0.138692 -0.453007 -0.081598 0.876864
1679941025.391000 -8.742416 -4.990521 3.672157 -0.140438 -0.447944 -0.079716 0.879357
1679941025.491000 -7.881274 -5.466840 3.849792 -0.136843 -0.450015 -0.077998 0.879020
1679941025.558000 -8.367513 -5.665400 2.998825 -0.139938 -0.444835 -0.079646 0.881020
1679941025.624000 -8.057937 -5.951884 2.092134 -0.140772 -0.441298 -0.082770 0.882377
1679941025.727000 -8.462762 -5.854600 3.001338 -0.134492 -0.444100 -0.086804 0.881562
1679941025.794000 -9.104648 -5.087800 3.001617 -0.134492 -0.444100 -0.086804 0.881562
1679941025.891000 -9.223558 -5.150436 3.992544 -0.136905 -0.454158 -0.091130 0.875610
1679941025.927000 -8.985488 -5.204142 4.962306 -0.138270 -0.463568 -0.090706 0.870493
1679941025.991000 -9.612137 -4.962858 5.703315 -0.140474 -0.471364 -0.089852 0.866031
1679941026.090000 -10.485959 -4.795923 6.160006 -0.141110 -0.475168 -0.087273 0.864110
1679941026.124000 -9.689249 -4.903833 5.565357 -0.141208 -0.478672 -0.084959 0.862389
1679941026.158000 -10.522582 -4.722867 6.087666 -0.141910 -0.479987 -0.082569 0.861775
1679941026.292000 -11.203869 -4.606154 6.810319 -0.147660 -0.479432 -0.085468 0.860835
1679941026.392000 -10.723038 -4.826575 5.961662 -0.149759 -0.481497 -0.084003 0.859463
1679941026.423000 -9.889189 -5.078776 5.470653 -0.147790 -0.483950 -0.082273 0.858593
1679941026.492000 -9.006226 -5.381687 5.112016 -0.141622 -0.487916 -0.082707 0.857345
1679941026.626000 -8.620607 -5.616446 4.219723 -0.139825 -0.486644 -0.084898 0.858148
1679941026.757000 -7.648807 -5.706233 4.437767 -0.140450 -0.488564 -0.082406 0.857198
1679941026.791000 -8.311747 -5.632887 5.182838 -0.140758 -0.488903 -0.079947 0.857187
1679941026.825000 -7.812779 -6.239229 4.563662 -0.144219 -0.486936 -0.074429 0.858227
1679941026.858000 -8.093624 -6.722810 3.734641 -0.146844 -0.473799 -0.074530 0.865099
1679941026.894000 -7.357490 -7.037948 3.135646 -0.144679 -0.470194 -0.071278 0.867701
1679941027.057000 -7.715473 -7.133849 2.206855 -0.142002 -0.435853 -0.064990 0.886366
1679941027.090000 -6.955936 -7.546017 1.703644 -0.145962 -0.433359 -0.063311 0.887066
1679941027.157000 -6.881470 -8.115351 0.884918 -0.157262 -0.427422 -0.059875 0.888253
1679941027.191000 -6.239395 -8.338098 0.151349 -0.160809 -0.427166 -0.058246 0.887850
1679941027.290000 -5.301326 -8.203258 0.470480 -0.162359 -0.428783 -0.060343 0.886647
1679941027.358000 -4.824669 -8.279308 -0.405313 -0.160033 -0.426797 -0.063576 0.887802
1679941027.426000 -5.578954 -7.952368 -0.974668 -0.157527 -0.420716 -0.070010 0.890664
1679941027.557000 -4.835298 -8.343232 -1.517072 -0.159056 -0.423252 -0.070631 0.889140
1679941027.657000 -5.223344 -8.136654 -2.415263 -0.163712 -0.427020 -0.069635 0.886568
1679941027.725000 -4.513152 -8.341775 -3.088727 -0.162977 -0.430084 -0.064833 0.885586
1679941027.860000 -5.024241 -8.203386 -2.240413 -0.164929 -0.427096 -0.076783 0.885715
1679941027.890000 -4.392054 -8.409228 -2.987386 -0.164478 -0.426700 -0.079401 0.885759
1679941027.961000 -3.719441 -8.702849 -3.666635 -0.163363 -0.426696 -0.079919 0.885921
1679941028.057000 -4.112769 -8.908504 -4.562737 -0.168110 -0.408633 -0.083980 0.893144
1679941028.258000 -4.596416 -9.017635 -5.431170 -0.162520 -0.385815 -0.085936 0.904073
1679941028.456000 -5.345124 -8.964075 -6.091903 -0.158383 -0.373098 -0.072940 0.911259
1679941028.491000 -5.934227 -8.588039 -5.376673 -0.157626 -0.370416 -0.070780 0.912653
1679941028.558000 -5.949821 -8.612081 -4.377084 -0.155599 -0.369655 -0.064952 0.913742
1679941028.625000 -6.370626 -9.071733 -5.159160 -0.155225 -0.360122 -0.060327 0.917921
1679941028.825000 -6.448094 -9.237050 -6.142353 -0.152052 -0.357390 -0.069920 0.918838
1679941028.926000 -5.726207 -9.117385 -5.460767 -0.150817 -0.364802 -0.073183 0.915870
1679941028.957000 -4.976261 -9.450797 -6.032096 -0.150979 -0.365941 -0.076389 0.915127
1679941029.024000 -5.358308 -9.352513 -5.113194 -0.151453 -0.368803 -0.079534 0.913630
1679941029.625000 -5.990820 -9.219506 -5.876239 -0.150863 -0.350952 -0.085836 0.920166
1679941029.725000 -5.625062 -9.413794 -6.786444 -0.149568 -0.348063 -0.089975 0.921079
1679941029.858000 -4.945172 -9.873883 -7.357468 -0.149244 -0.344117 -0.088213 0.922783
1679941029.924000 -4.334750 -9.977503 -6.572199 -0.148345 -0.348014 -0.086028 0.921672
1679941030.057000 -5.299701 -9.720155 -6.520801 -0.140431 -0.341452 -0.082098 0.925716
1679941030.124000 -6.069508 -9.500650 -5.921456 -0.140000 -0.339027 -0.079751 0.926877
1679941030.191000 -6.837485 -9.133395 -5.396732 -0.138338 -0.333542 -0.077649 0.929292
1679941030.224000 -5.899966 -8.849687 -5.598148 -0.135884 -0.332055 -0.077604 0.930190
1679941030.290000 -6.254062 -8.818831 -4.663447 -0.131231 -0.329511 -0.078277 0.931705
1679941030.327000 -6.688247 -8.783203 -3.763329 -0.128207 -0.328633 -0.077305 0.932517
1679941030.423000 -6.558383 -8.712791 -2.774300 -0.123358 -0.326994 -0.076167 0.933840
1679941030.457000 -7.436777 -8.483274 -2.355080 -0.124046 -0.326982 -0.078769 0.933537
1679941030.491000 -7.941704 -8.369152 -1.499496 -0.124587 -0.327944 -0.079796 0.933040
1679941030.624000 -7.982321 -8.541149 -2.483756 -0.128182 -0.324207 -0.081203 0.933737
1679941030.824000 -8.912515 -8.461540 -2.842087 -0.137025 -0.314018 -0.076056 0.936393
1679941030.857000 -8.361633 -8.419930 -3.675632 -0.137911 -0.313918 -0.074006 0.936461
1679941030.893000 -8.479740 -8.173578 -2.713675 -0.137445 -0.312645 -0.075028 0.936874
1679941030.924000 -8.894317 -8.028556 -1.815291 -0.137920 -0.311931 -0.074513 0.937083
1679941030.957000 -9.652939 -7.724869 -1.238865 -0.139285 -0.311193 -0.073185 0.937231
1679941031.123000 -10.446063 -7.447660 -1.781183 -0.132925 -0.287255 -0.070936 0.945930
1679941031.157000 -9.795743 -7.598754 -2.525666 -0.132165 -0.283899 -0.073569 0.946848
1679941031.191000 -10.429314 -7.427100 -1.771264 -0.132275 -0.280678 -0.077160 0.947507
1679941031.324000 -11.330639 -7.347015 -2.196938 -0.133428 -0.262472 -0.084695 0.951910
1679941031.357000 -12.068349 -7.099743 -1.568734 -0.132381 -0.261128 -0.082081 0.952654
1679941031.462000 -12.047550 -7.389341 -2.525657 -0.131297 -0.256204 -0.077778 0.954500
1679941031.523000 -12.970944 -7.156327 -2.830693 -0.126609 -0.237294 -0.072308 0.960434
1679941031.591000 -13.729618 -6.694721 -2.370981 -0.123671 -0.229872 -0.062516 0.963305
1679941031.691000 -13.810272 -6.666461 -1.374640 -0.120135 -0.229546 -0.063313 0.963778
1679941031.725000 -13.106942 -6.758780 -2.079483 -0.119878 -0.229530 -0.059868 0.964034
1679941031.793000 -12.284545 -6.833390 -1.515482 -0.120162 -0.238460 -0.060965 0.961759
1679941031.893000 -13.012502 -6.630643 -0.860522 -0.121653 -0.235848 -0.057317 0.962440
1679941031.958000 -13.558847 -6.317365 -0.083757 -0.118591 -0.235210 -0.059786 0.962828
1679941032.026000 -13.785158 -6.136626 0.873383 -0.116284 -0.234416 -0.062448 0.963134
1679941032.193000 -13.356669 -6.170301 -0.029537 -0.117021 -0.237844 -0.061188 0.962285
1679941032.423000 -14.275605 -5.783909 0.049572 -0.117097 -0.239933 -0.054444 0.962162
1679941032.457000 -14.653577 -5.729817 0.973807 -0.119011 -0.238975 -0.054172 0.962181
1679941032.659000 -15.290543 -5.662906 0.205824 -0.126686 -0.247517 -0.060548 0.958655
1679941032.724000 -15.003917 -6.530239 0.612737 -0.138637 -0.252895 -0.060882 0.955572
1679941032.791000 -14.362180 -6.716530 -0.131217 -0.138803 -0.251712 -0.062440 0.955759
1679941032.959000 -15.326372 -6.503266 -0.288860 -0.139544 -0.233711 -0.057152 0.960542
1679941032.991000 -16.088471 -6.272978 0.316261 -0.140958 -0.230389 -0.054454 0.961294
1679941033.058000 -16.833911 -6.050712 0.944685 -0.139224 -0.225078 -0.048214 0.963136
1679941033.157000 -17.739082 -5.639070 0.838777 -0.131458 -0.215261 -0.038092 0.966918
1679941033.224000 -17.483611 -5.621542 1.805435 -0.131853 -0.215295 -0.035656 0.966950
1679941033.292000 -18.458152 -5.433742 1.927908 -0.133075 -0.206289 -0.031215 0.968897
1679941033.474000 -19.103755 -5.786196 1.250433 -0.133366 -0.190672 -0.039864 0.971735
1679941033.542000 -19.553738 -6.234398 0.478014 -0.134355 -0.183411 -0.043166 0.972854
1679941033.641000 -20.012052 -6.009335 1.337836 -0.132195 -0.180443 -0.046081 0.973571
1679941033.708000 -19.975236 -6.280671 0.376055 -0.133420 -0.179133 -0.046270 0.973637
1679941033.741000 -19.925465 -6.721718 -0.520047 -0.134876 -0.177912 -0.046092 0.973669
1679941033.775000 -19.769273 -6.867455 -1.496963 -0.136902 -0.177266 -0.043691 0.973615
1679941033.875000 -20.010660 -6.720522 -0.537722 -0.137754 -0.174758 -0.041078 0.974062
1679941033.942000 -20.356598 -6.239903 0.268089 -0.144925 -0.169679 -0.038126 0.974039
1679941034.173000 -21.325632 -6.160130 0.034403 -0.145915 -0.127260 -0.048471 0.979880
1679941034.207000 -22.318589 -6.042893 0.051485 -0.145523 -0.115291 -0.049935 0.981345
1679941034.308000 -23.115159 -5.679480 0.534607 -0.145175 -0.107894 -0.048930 0.982288
1679941034.476000 -23.977509 -5.417283 0.967741 -0.142217 -0.098012 -0.040980 0.984118
1679941034.540000 -24.003601 -5.592206 -0.016495 -0.140160 -0.097111 -0.037223 0.984652
1679941034.640000 -23.946126 -5.900090 -0.966181 -0.138517 -0.093936 -0.034699 0.985284
1679941034.740000 -24.943665 -5.954871 -0.922431 -0.141230 -0.073264 -0.037822 0.986537
1679941034.810000 -25.889202 -5.631861 -0.882127 -0.137976 -0.059383 -0.043120 0.987713
1679941034.907000 -26.826940 -5.829588 -1.167698 -0.133182 -0.042201 -0.049524 0.988954
1679941035.176000 -26.952338 -5.676803 -0.187427 -0.133612 -0.043022 -0.046192 0.989021
1679941035.274000 -26.901671 -5.966290 -1.143267 -0.134702 -0.042008 -0.042576 0.989079
1679941035.409000 -27.046999 -6.156656 -2.114164 -0.135286 -0.038468 -0.040205 0.989243
1679941035.474000 -27.370592 -6.087430 -1.170503 -0.136458 -0.036944 -0.039248 0.989178
1679941035.509000 -27.445483 -6.121446 -2.167115 -0.138484 -0.035471 -0.035877 0.989079
1679941035.640000 -27.341848 -6.299093 -3.145737 -0.139519 -0.035554 -0.039135 0.988807
1679941035.707000 -27.383437 -6.200861 -2.151443 -0.139907 -0.035486 -0.040207 0.988711
1679941035.740000 -27.521315 -6.226282 -3.141566 -0.141718 -0.035054 -0.042157 0.988388
1679941035.875000 -28.293278 -6.110851 -2.516467 -0.150599 -0.032071 -0.049112 0.986853
1679941035.942000 -28.112240 -5.919890 -1.551708 -0.151847 -0.031939 -0.047371 0.986751
1679941036.040000 -28.320170 -5.826280 -0.578054 -0.153842 -0.031430 -0.044427 0.986596
1679941036.175000 -27.546904 -5.938895 -1.202055 -0.153895 -0.034664 -0.042631 0.986558
1679941036.442000 -28.297618 -5.770171 -0.563337 -0.148127 -0.053106 -0.024212 0.987245
1679941036.573000 -29.078979 -5.587568 0.033430 -0.148832 -0.048670 -0.014817 0.987553
1679941036.607000 -29.061812 -5.261394 0.978584 -0.150889 -0.048678 -0.017000 0.987205
1679941036.842000 -30.030824 -5.447440 0.816091 -0.152423 -0.046549 -0.022377 0.986965
1679941036.907000 -30.401306 -5.710007 -0.074864 -0.152244 -0.047946 -0.028891 0.986756
1679941037.008000 -30.751658 -5.293586 0.764092 -0.150562 -0.049842 -0.028665 0.986927
1679941037.142000 -30.165674 -5.462794 -0.028367 -0.147387 -0.055275 -0.026495 0.987178
1679941037.175000 -29.767738 -5.373436 0.884684 -0.146712 -0.056117 -0.027644 0.987199
1679941037.274000 -29.173241 -5.498184 1.679046 -0.150541 -0.068296 -0.023537 0.985961
1679941037.308000 -29.238368 -5.837781 0.740732 -0.151310 -0.071119 -0.022369 0.985671
1679941037.441000 -28.756306 -5.977807 1.605608 -0.147100 -0.071688 -0.026857 0.986155
1679941037.673000 -29.223730 -5.371608 2.249066 -0.146501 -0.070465 -0.022537 0.986440
1679941037.740000 -29.352250 -5.126285 3.209951 -0.147956 -0.068730 -0.020392 0.986392
1679941037.773000 -29.628866 -4.990552 4.161297 -0.148690 -0.067333 -0.018032 0.986424
1679941037.809000 -28.734591 -4.982273 4.608738 -0.148690 -0.067333 -0.018032 0.986424
1679941037.841000 -27.878443 -5.034318 5.122840 -0.148690 -0.067333 -0.018032 0.986424
1679941037.907000 -28.780365 -5.395906 4.886641 -0.151971 -0.048617 -0.011253 0.987124
1679941037.942000 -28.022104 -5.549865 4.253130 -0.149246 -0.046124 -0.010603 0.987667
1679941038.075000 -28.911943 -5.097133 4.309860 -0.123214 -0.006904 -0.000753 0.992356
1679941038.240000 -29.507836 -4.569223 4.915024 -0.120737 0.001872 -0.001558 0.992682
1679941038.309000 -28.635613 -4.593270 5.403540 -0.121824 -0.002229 -0.006637 0.992527
1679941038.474000 -29.589227 -4.558607 5.702569 -0.128795 0.019758 -0.005809 0.991457
1679941038.607000 -30.279980 -4.501832 6.423428 -0.137900 0.026959 -0.001282 0.990078
1679941038.742000 -31.131942 -5.023369 6.376956 -0.147887 0.040064 -0.000771 0.988192
1679941038.844000 -31.296238 -5.363467 5.451029 -0.144706 0.043535 -0.003430 0.988510
1679941038.907000 -31.362347 -5.546262 4.470103 -0.140759 0.044079 -0.005798 0.989045
1679941038.976000 -31.394129 -5.295179 5.437547 -0.141096 0.043116 -0.003770 0.989049
1679941039.075000 -31.763849 -5.019848 6.324959 -0.143720 0.045014 -0.005794 0.988577
1679941039.108000 -32.110243 -4.734439 7.218577 -0.144128 0.047635 -0.006674 0.988389
1679941039.243000 -32.920924 -4.609184 7.790510 -0.141908 0.057903 -0.003801 0.988178
1679941039.307000 -33.338937 -5.057297 7.000282 -0.138398 0.062794 0.004847 0.988372
1679941039.374000 -33.491689 -4.695373 7.919890 -0.133006 0.065393 0.010000 0.988905
1679941039.474000 -34.406482 -4.568986 8.303531 -0.131484 0.078094 0.015939 0.988109
1679941039.542000 -34.717183 -4.719391 7.364998 -0.133400 0.079426 0.019048 0.987691
1679941039.641000 -35.302118 -4.688252 8.175481 -0.140971 0.081447 0.018631 0.986482
1679941039.674000 -35.170533 -4.370389 9.114442 -0.141712 0.080614 0.018315 0.986450
1679941039.775000 -34.257163 -4.192550 8.748209 -0.144851 0.073692 0.012076 0.986632
1679941039.810000 -34.554761 -4.452566 7.829608 -0.147384 0.073698 0.012235 0.986254
1679941039.909000 -35.370258 -4.369806 8.402422 -0.151934 0.079439 0.010919 0.985133
1679941040.008000 -35.882809 -4.687507 7.604702 -0.157981 0.080652 0.012749 0.984060
1679941040.041000 -35.768486 -4.469375 8.573902 -0.159404 0.081368 0.015561 0.983731
1679941040.241000 -36.725312 -4.179847 8.599537 -0.158542 0.094533 0.012088 0.982742
1679941040.309000 -36.551419 -3.851422 9.527922 -0.156895 0.097545 0.009156 0.982744
1679941040.441000 -37.476294 -4.218390 9.428214 -0.162567 0.124499 -0.001517 0.978810
1679941040.543000 -38.240490 -3.929695 10.004981 -0.161664 0.141143 -0.006260 0.976680
1679941040.641000 -39.076399 -3.669365 10.488183 -0.163317 0.155003 -0.005655 0.974305
1679941040.677000 -38.807162 -3.498788 11.436030 -0.163075 0.157550 -0.003498 0.973947
1679941040.842000 -39.782639 -3.718615 11.447047 -0.156914 0.187102 0.008866 0.969687
1679941040.974000 -40.600103 -3.983286 10.935480 -0.153377 0.192677 0.012884 0.969116
1679941041.141000 -41.571029 -4.123606 11.129423 -0.152566 0.201791 0.005447 0.967458
1679941041.208000 -41.817874 -3.866452 12.063736 -0.149874 0.209886 0.000118 0.966171
1679941041.309000 -42.547007 -3.479002 12.627869 -0.141422 0.231040 -0.003537 0.962605
1679941041.343000 -41.895698 -3.427055 13.384901 -0.141474 0.230172 -0.004194 0.962802
1679941041.410000 -42.766262 -3.194226 13.818386 -0.142105 0.235124 -0.005610 0.961505
1679941041.443000 -42.547190 -2.759081 14.691687 -0.142667 0.234330 -0.003058 0.961627
1679941041.509000 -42.570032 -2.563453 15.672100 -0.143548 0.233376 -0.000445 0.961733
1679941041.540000 -42.306036 -2.169421 16.552466 -0.142756 0.233391 0.000520 0.961847
1679941041.609000 -41.830302 -1.955842 17.405731 -0.142429 0.234958 0.004175 0.961505
1679941041.708000 -41.902382 -1.699779 18.369700 -0.141538 0.244456 0.012106 0.959198
1679941041.810000 -42.644498 -1.925684 17.738645 -0.133216 0.249079 0.005099 0.959264
1679941041.874000 -42.313532 -1.903323 18.682022 -0.133639 0.248651 0.003726 0.959322
1679941041.941000 -42.949574 -2.128423 17.943930 -0.137324 0.251662 0.001264 0.958022
1679941042.040000 -42.733600 -1.906431 18.894758 -0.137064 0.254722 0.000992 0.957251
1679941042.308000 -41.740396 -2.020153 18.869991 -0.126591 0.253685 0.001155 0.958967
1679941042.408000 -42.708171 -2.219284 19.024127 -0.129798 0.281714 0.007598 0.950648
1679941042.474000 -43.448396 -2.112796 19.688000 -0.129423 0.295401 0.006615 0.946543
1679941042.640000 -44.194852 -2.085359 20.352869 -0.132455 0.340375 0.008361 0.930876
1679941042.708000 -45.102276 -2.425120 20.105593 -0.136909 0.345186 0.010309 0.928437
1679941042.807000 -45.911145 -2.454960 20.692824 -0.142970 0.351333 0.012760 0.925182
1679941042.911000 -46.902416 -2.541829 20.791999 -0.147096 0.352891 0.014967 0.923908
1679941042.973000 -47.779204 -2.760700 20.363819 -0.150363 0.354704 0.019556 0.922601
1679941043.006000 -47.580903 -2.498473 21.308231 -0.152526 0.356278 0.022339 0.921576
1679941043.110000 -46.639488 -2.444067 20.975397 -0.159563 0.346938 0.021147 0.923973
1679941043.208000 -47.570230 -2.463328 21.340565 -0.161992 0.346739 0.017410 0.923703
1679941043.276000 -48.397867 -2.407328 21.899029 -0.162489 0.360865 0.013310 0.918257
1679941043.406000 -49.150950 -2.337197 22.553206 -0.163897 0.392332 0.006331 0.905082
1679941043.475000 -49.157332 -2.377690 21.554047 -0.162294 0.399570 0.003619 0.902215
1679941043.542000 -49.366679 -2.087369 22.487796 -0.153769 0.408805 0.002799 0.899570
1679941043.574000 -48.818372 -2.123972 21.652321 -0.149039 0.406818 0.001651 0.901268
1679941043.641000 -49.600036 -2.338189 22.238078 -0.143553 0.433595 0.007637 0.889567
1679941043.709000 -50.271644 -2.173877 22.960535 -0.135987 0.453444 0.007841 0.880815
1679941043.774000 -50.745663 -2.243423 22.082771 -0.135950 0.455175 0.007699 0.879928
1679941043.844000 -50.350280 -1.890897 22.930944 -0.135264 0.457274 0.007451 0.878947
1679941044.073000 -49.620434 -1.923409 22.248106 -0.135485 0.467898 0.005598 0.873318
1679941044.107000 -48.998213 -1.668021 22.988119 -0.135068 0.470291 0.006341 0.872091
1679941044.141000 -49.944530 -1.900337 22.763367 -0.136379 0.472737 0.004657 0.870574
1679941044.375000 -50.432879 -1.814215 21.894979 -0.138458 0.477698 0.008558 0.867502
1679941044.474000 -49.555789 -1.632103 22.339443 -0.143580 0.478860 0.015473 0.865932
1679941044.509000 -48.668110 -1.591979 22.798155 -0.146330 0.478917 0.017717 0.865397
1679941044.541000 -47.894360 -1.814989 23.391095 -0.149731 0.478989 0.018784 0.864753
1679941044.577000 -47.046798 -1.451910 23.778149 -0.149731 0.479550 0.019956 0.864415
1679941044.674000 -46.240581 -1.128707 24.273683 -0.150431 0.482183 0.022997 0.862752
1679941044.808000 -47.217372 -1.311334 24.161761 -0.150253 0.484439 0.025003 0.861463
1679941044.876000 -47.647364 -1.307839 23.258935 -0.150414 0.485125 0.025581 0.861031
1679941044.944000 -48.595354 -1.606413 23.148629 -0.147877 0.488773 0.027225 0.859355
1679941045.008000 -47.907571 -1.270789 23.792300 -0.144606 0.490846 0.020457 0.858918
1679941045.109000 -48.846517 -1.555261 23.985839 -0.143752 0.498133 0.014436 0.854980
1679941045.310000 -48.365620 -1.732888 23.127243 -0.151489 0.488301 0.015954 0.859278
1679941045.408000 -49.349775 -1.815506 23.284129 -0.150731 0.488870 0.022286 0.858947
1679941045.476000 -48.836976 -1.502221 24.083435 -0.147397 0.491973 0.026524 0.857632
1679941045.540000 -49.409966 -1.566521 24.900470 -0.142642 0.505228 0.033401 0.850460
1679941045.642000 -49.966181 -2.326071 25.237677 -0.145674 0.514583 0.045878 0.843729
1679941045.740000 -50.781645 -2.578653 25.758465 -0.146449 0.519856 0.046705 0.840310
1679941045.843000 -50.179333 -2.161833 26.439260 -0.139580 0.524028 0.051209 0.838624
1679941046.008000 -50.868470 -2.359316 27.136462 -0.140846 0.528767 0.051318 0.835424
1679941046.240000 -49.896611 -2.176959 26.987345 -0.146681 0.525546 0.049313 0.836573
1679941046.307000 -50.576442 -2.129933 26.255485 -0.149918 0.522229 0.047656 0.838171
1679941046.474000 -49.754107 -2.079463 25.688723 -0.153002 0.518067 0.053314 0.839854
1679941046.640000 -50.161565 -2.098689 26.601745 -0.154089 0.555392 0.058327 0.815104
1679941046.673000 -50.998716 -2.524230 26.258098 -0.157547 0.557664 0.059838 0.812779
1679941046.806000 -51.708699 -3.221403 26.158729 -0.157132 0.561281 0.065057 0.809963
1679941046.875000 -51.917623 -2.744907 27.012721 -0.155094 0.571067 0.061149 0.803797
1679941047.006000 -51.139497 -2.311988 27.467805 -0.160570 0.577106 0.057388 0.798669
1679941047.143000 -51.290567 -2.179725 28.447440 -0.159662 0.591273 0.056821 0.788464
1679941047.241000 -50.425099 -1.914889 28.872677 -0.159887 0.594177 0.056786 0.786235
1679941047.274000 -49.707496 -1.422167 29.364888 -0.156763 0.597273 0.054434 0.784683
1679941047.310000 -48.839853 -1.048255 29.692585 -0.153708 0.599009 0.051910 0.784135
1679941047.407000 -48.840774 -0.544159 30.556232 -0.136717 0.625448 0.038771 0.767215
1679941047.642000 -47.849151 -0.612873 30.665609 -0.132906 0.625296 0.050901 0.767300
1679941047.678000 -46.917926 -0.566470 30.304131 -0.131299 0.625509 0.051938 0.767334
1679941047.908000 -46.797417 -0.080528 31.169774 -0.131310 0.635511 0.047409 0.759365
1679941047.974000 -47.778598 -0.206090 31.316462 -0.133421 0.635703 0.046961 0.758864
1679941048.073000 -48.740484 -0.450605 31.438891 -0.130548 0.638045 0.045221 0.757503
1679941048.175000 -48.894457 -0.135141 32.375253 -0.125432 0.656496 0.041834 0.742650
1679941048.209000 -49.858837 -0.388464 32.451397 -0.124957 0.657964 0.044189 0.741294
1679941048.340000 -49.886392 0.268499 33.204816 -0.099142 0.682468 0.032663 0.723423
1679941048.407000 -49.741172 1.118907 33.710501 -0.082432 0.694087 0.026310 0.714672
1679941048.575000 -49.398402 1.397723 34.607591 -0.082981 0.700105 0.016193 0.709017
1679941048.740000 -48.991405 1.883595 35.381077 -0.076180 0.713627 0.006262 0.696343
1679941048.775000 -49.000236 1.707776 36.365460 -0.076218 0.719442 0.009635 0.690290
1679941048.841000 -48.039695 1.928198 36.535091 -0.075705 0.719345 0.011600 0.690418
1679941048.875000 -47.152511 1.901268 36.995719 -0.076270 0.720856 0.012634 0.688760
1679941048.940000 -46.866764 2.595478 37.656341 -0.062144 0.733722 0.006142 0.676574
1679941049.107000 -45.923233 2.708342 37.967807 -0.050960 0.739843 0.008394 0.670794
1679941049.208000 -46.552350 2.811646 37.197391 -0.046885 0.737228 0.004689 0.673999
1679941049.408000 -45.596763 2.887922 37.482060 -0.049562 0.737774 0.003791 0.673215
1679941049.440000 -44.667125 2.726723 37.813403 -0.052308 0.736580 0.002457 0.674320
1679941049.475000 -43.764131 2.993046 38.150560 -0.052325 0.737010 0.000881 0.673853
1679941049.543000 -42.797161 2.953865 38.402420 -0.053817 0.734127 0.000661 0.676876
1679941049.607000 -41.848867 2.983801 38.718398 -0.059085 0.731517 -0.000058 0.679259
1679941049.675000 -40.866652 3.084486 38.876879 -0.061976 0.726725 0.000689 0.684127
1679941049.709000 -40.870077 2.180209 38.449946 -0.065212 0.721831 0.007572 0.688949
1679941049.740000 -39.957576 2.085515 38.051981 -0.066208 0.720044 0.007615 0.690721
1679941049.940000 -39.911502 2.305779 39.026333 -0.053344 0.741913 0.008205 0.668320
1679941050.107000 -39.828896 2.142941 40.009521 -0.060494 0.753099 0.011633 0.655017
1679941050.140000 -38.835444 2.168946 39.898268 -0.061934 0.753970 0.012297 0.653867
1679941050.207000 -39.832220 2.218633 39.961271 -0.064148 0.756790 0.012182 0.650389
1679941050.277000 -40.821945 2.352871 39.912033 -0.072458 0.758961 0.011283 0.646994
1679941050.374000 -41.707687 1.918336 40.075251 -0.075063 0.761760 0.022626 0.643099
1679941050.410000 -42.678298 1.987585 40.305725 -0.076414 0.761918 0.025774 0.642633
1679941050.508000 -43.654986 2.096842 40.490506 -0.075886 0.761885 0.026467 0.642707
1679941050.542000 -42.673857 1.999703 40.657685 -0.075852 0.761813 0.026405 0.642798
1679941050.608000 -43.672232 2.030086 40.705890 -0.071660 0.762174 0.026153 0.642862
1679941050.642000 -44.667297 2.063903 40.799176 -0.069268 0.762460 0.025513 0.642810
1679941050.742000 -45.558423 1.977683 41.244666 -0.066294 0.764355 0.025580 0.640869
1679941050.775000 -44.580285 2.156497 41.350832 -0.064587 0.766111 0.024503 0.638985
1679941050.874000 -45.522202 1.962605 41.625053 -0.059439 0.768704 0.026618 0.636280
1679941050.940000 -45.075722 1.834745 42.510665 -0.059222 0.774807 0.027897 0.628800
1679941051.008000 -46.054257 1.893096 42.708313 -0.060660 0.774390 0.024044 0.629335
1679941051.075000 -46.937231 1.855732 43.176245 -0.063232 0.775016 0.020280 0.628443
1679941051.275000 -47.738499 1.866315 43.774458 -0.066539 0.773429 0.019679 0.630074
1679941051.474000 -48.667817 1.721360 44.114097 -0.051105 0.777589 0.025113 0.626190
1679941051.542000 -48.354455 2.107943 44.981482 -0.044386 0.787727 0.024930 0.613917
1679941051.642000 -48.277079 2.165166 45.976841 -0.047009 0.797031 0.017726 0.601845
1679941051.708000 -47.786290 2.770117 46.603866 -0.037880 0.809251 0.004666 0.586222
1679941051.874000 -47.366479 3.031601 47.472995 -0.025495 0.835398 -0.000346 0.549054
1679941051.909000 -46.489998 2.997180 46.992789 -0.023622 0.835735 0.002927 0.548616
1679941051.941000 -45.585409 2.794233 46.617915 -0.022860 0.836073 0.006203 0.548107
1679941052.007000 -44.633830 3.086449 46.713347 -0.013855 0.838426 0.014860 0.544637
1679941052.042000 -45.480872 2.936495 47.223282 -0.010198 0.839252 0.018708 0.543324
1679941052.077000 -45.999623 3.170477 46.400999 -0.009108 0.836658 0.017955 0.547356
1679941052.206000 -46.841885 3.178935 46.940001 -0.003563 0.838538 0.017664 0.544545
1679941052.408000 -46.697316 2.971976 47.907611 0.002401 0.860438 0.020161 0.509150
1679941052.508000 -45.708122 2.864785 48.007641 -0.002072 0.863540 0.015236 0.504045
1679941052.643000 -46.663928 3.007929 47.750842 -0.002718 0.866212 0.012743 0.499508
1679941052.740000 -47.544686 3.280423 47.363529 -0.003755 0.865249 0.011204 0.501203
1679941053.074000 -47.283686 3.184030 48.324043 0.002987 0.869580 0.016529 0.493507
1679941053.340000 -48.092853 2.989324 48.878423 0.005455 0.871400 0.019273 0.490163
1679941053.375000 -47.131528 2.718096 48.830570 0.003709 0.872951 0.019153 0.487417
1679941053.409000 -46.748020 2.872803 49.741057 0.004517 0.877180 0.017873 0.479807
1679941053.608000 -47.588660 3.283303 49.387767 0.012323 0.867361 0.015973 0.497270
1679941053.641000 -48.324656 3.402933 50.054099 0.016227 0.866135 0.015363 0.499311
1679941053.707000 -48.932529 3.420321 50.847943 0.020642 0.864922 0.014342 0.501276
1679941053.774000 -49.732361 3.398987 51.447787 0.024297 0.862162 0.014706 0.505836
1679941053.807000 -50.498873 3.394201 52.090000 0.027411 0.860845 0.014231 0.507929
1679941053.875000 -49.592449 3.347096 51.670265 0.029764 0.860163 0.014045 0.508957
1679941053.975000 -50.396488 3.462562 52.253522 0.035150 0.854053 0.016626 0.518730
1679941054.008000 -49.647481 3.284306 51.615389 0.035666 0.851602 0.018345 0.522652
1679941054.074000 -50.602321 3.385362 51.894798 0.035840 0.849640 0.019522 0.525781
1679941054.111000 -49.729937 3.227936 51.432021 0.035113 0.847488 0.020392 0.529260
1679941054.174000 -49.985994 3.456609 50.492796 0.032227 0.838123 0.016760 0.544271
1679941054.275000 -50.980855 3.528542 50.564048 0.029601 0.837021 0.016426 0.546123
1679941054.374000 -51.797624 3.676201 51.121798 0.030022 0.831988 0.014306 0.553795
1679941054.508000 -50.986427 3.480537 50.570730 0.032229 0.826729 0.015480 0.561462
1679941054.540000 -51.357283 2.892012 49.852326 0.029995 0.818189 0.023231 0.573696
1679941054.707000 -50.712048 2.845350 49.089768 0.034109 0.804782 0.029436 0.591858
1679941054.740000 -49.887389 2.940076 48.532127 0.031973 0.803075 0.027616 0.594378
1679941054.807000 -48.946465 2.810290 48.844886 0.028988 0.796285 0.023072 0.603786
1679941054.874000 -49.911431 2.734498 49.096077 0.027279 0.789673 0.013170 0.612780
1679941054.943000 -50.898481 2.764491 49.253658 0.025048 0.781250 0.005660 0.623690
1679941055.075000 -51.857650 2.836311 49.527221 0.019637 0.775462 0.000999 0.631089
1679941055.141000 -52.747275 3.102450 49.898352 0.017138 0.773193 0.000775 0.633939
1679941055.307000 -52.052710 2.721787 49.287880 0.013564 0.764417 0.003542 0.644569
1679941055.440000 -52.028121 2.646842 48.290996 0.011888 0.745159 0.002579 0.666776
1679941055.507000 -52.419381 2.537191 47.377272 0.007388 0.734434 0.005185 0.678620
1679941055.608000 -51.451382 2.323818 47.245173 0.002262 0.729234 0.003832 0.684250
1679941055.675000 -52.440618 2.469459 47.259349 -0.002749 0.722531 0.002416 0.691329
1679941055.841000 -52.351561 1.992419 46.384991 -0.019914 0.692832 0.010965 0.720741
1679941055.944000 -52.188472 1.609221 45.475836 -0.028406 0.675322 0.011860 0.736880
1679941056.075000 -51.263890 1.526007 45.847621 -0.029716 0.661346 0.015725 0.749327
1679941056.111000 -52.223822 1.408283 45.593314 -0.029316 0.658505 0.015795 0.751839
1679941056.207000 -51.255066 1.167426 45.652478 -0.025896 0.647964 0.022950 0.760884
1679941056.308000 -50.282151 0.936381 45.645151 -0.029722 0.642010 0.025211 0.765705
1679941056.374000 -51.228219 1.066906 45.348642 -0.032409 0.638280 0.023583 0.768760
1679941056.541000 -52.192558 1.294510 45.213564 -0.032246 0.636895 0.023339 0.769922
1679941056.709000 -53.100225 1.438033 44.819175 -0.028957 0.633628 0.021292 0.772802
1679941056.808000 -52.106291 1.390131 44.720169 -0.021132 0.632010 0.017405 0.774477
1679941056.940000 -52.024689 2.081147 44.001951 -0.007041 0.623922 0.017563 0.781257
1679941056.975000 -51.042861 1.914095 43.911904 -0.007022 0.622126 0.018599 0.782664
1679941057.008000 -50.113701 1.632273 44.151147 -0.006003 0.619636 0.021757 0.784565
1679941057.108000 -49.813297 1.628180 45.104950 -0.001450 0.618821 0.028407 0.785017
1679941057.243000 -50.772172 1.908779 45.147638 -0.000294 0.616779 0.018032 0.786930
1679941057.342000 -51.694470 2.063504 45.501795 -0.001704 0.615708 0.011354 0.787890
1679941057.409000 -50.707820 1.935170 45.401534 -0.005757 0.612401 0.006310 0.790501
1679941057.474000 -50.314737 2.044081 46.314565 -0.005658 0.615627 0.004722 0.788004
1679941057.541000 -49.345855 1.798075 46.287192 -0.007782 0.609951 0.006289 0.792376
1679941057.642000 -48.453276 1.433784 46.552889 -0.009804 0.602707 0.016553 0.797730
1679941057.708000 -47.482002 1.199900 46.508998 -0.012805 0.596755 0.024402 0.801950
1679941057.809000 -47.214633 0.455081 45.897640 -0.020464 0.584226 0.034303 0.810607
1679941057.842000 -46.279393 0.214978 46.157787 -0.021327 0.582085 0.033622 0.812153
1679941057.910000 -47.227213 0.198742 45.839395 -0.020992 0.580082 0.032723 0.813630
1679941058.275000 -48.196451 0.131751 45.602562 -0.019324 0.583069 0.036795 0.811359
1679941058.406000 -49.183467 0.008420 45.499667 -0.013380 0.588845 0.040967 0.807096
1679941058.441000 -49.233515 0.652932 46.262621 -0.005166 0.596191 0.038872 0.801885
1679941058.573000 -50.228272 0.754524 46.250904 -0.002954 0.596946 0.042535 0.801147
1679941058.640000 -50.509381 -0.187432 46.067338 -0.009514 0.595797 0.052101 0.801387
1679941058.707000 -49.530814 -0.379901 46.140561 -0.010116 0.597131 0.050772 0.800471
1679941058.740000 -50.437140 -0.097447 45.826249 -0.012169 0.598748 0.049137 0.799336
1679941058.774000 -51.396276 -0.160635 45.550451 -0.014543 0.600223 0.049002 0.798198
1679941058.841000 -51.219671 0.432117 46.336234 -0.010430 0.608470 0.047781 0.792069
1679941058.875000 -50.271521 0.171059 46.517508 -0.013292 0.609655 0.045856 0.791228
1679941059.008000 -49.354529 0.107520 46.911320 -0.013292 0.609655 0.045856 0.791228
1679941059.073000 -48.405383 -0.129092 47.119015 -0.015991 0.610889 0.045063 0.790271
1679941059.376000 -47.425521 -0.126917 46.919352 -0.022962 0.606365 0.046591 0.793488
1679941059.540000 -47.777307 -0.434719 47.803380 -0.025027 0.633651 0.044193 0.771950
1679941059.640000 -48.727480 -0.276997 47.534504 -0.025216 0.634674 0.044081 0.771109
1679941059.707000 -49.725803 -0.254635 47.587902 -0.022162 0.635997 0.044970 0.770061
1679941059.775000 -48.964887 -0.391243 46.953596 -0.020094 0.637177 0.046657 0.769042
1679941059.842000 -48.003764 -0.618119 47.110977 -0.018017 0.639470 0.052555 0.766806
1679941059.908000 -48.970649 -0.389302 46.997953 -0.018049 0.640353 0.056560 0.765783
1679941059.944000 -47.977439 -0.462621 46.907628 -0.017331 0.641454 0.058827 0.764706
1679941060.009000 -47.034686 -0.400916 47.235359 -0.016066 0.643300 0.062027 0.762928
1679941060.107000 -47.316311 -0.381726 46.276026 -0.018377 0.640113 0.055061 0.766085
1679941060.141000 -48.304345 -0.292421 46.150270 -0.020187 0.643807 0.050108 0.763279
1679941060.274000 -48.371978 0.161293 47.038847 -0.011595 0.670522 0.030694 0.741164
1679941060.342000 -49.319178 -0.073703 47.256994 -0.009186 0.674197 0.027502 0.737982
1679941060.474000 -50.306886 -0.068385 47.413218 -0.010135 0.672458 0.021210 0.739762
1679941060.676000 -50.274376 -0.443902 46.486973 -0.025016 0.644932 0.046508 0.762414
1679941060.808000 -51.255722 -0.617528 46.569511 -0.027505 0.644579 0.032938 0.763333
1679941060.909000 -51.459763 -0.630944 47.548381 -0.021311 0.672252 0.020662 0.739727
1679941060.974000 -52.414543 -0.520193 47.824296 -0.021519 0.672528 0.019039 0.739514
1679941061.108000 -53.414218 -0.538330 47.842211 -0.023998 0.671751 0.019314 0.740137
1679941061.141000 -52.424123 -0.675621 47.812816 -0.023857 0.672029 0.022300 0.739804
1679941061.176000 -51.507703 -1.064807 47.719498 -0.024825 0.672800 0.024744 0.738994
1679941061.307000 -52.465470 -0.812466 47.581634 -0.022708 0.672000 0.029572 0.739612
1679941061.341000 -51.508397 -0.728227 47.858970 -0.022704 0.672835 0.032668 0.738722
1679941061.507000 -52.441877 -0.477320 47.602724 -0.021534 0.674008 0.038417 0.737410
1679941061.607000 -52.435469 -0.434842 48.601801 -0.019175 0.687527 0.039603 0.724824
1679941061.707000 -53.411892 -0.469290 48.814904 -0.019258 0.691307 0.031671 0.721610
1679941061.908000 -54.384752 -0.365870 49.021898 -0.011713 0.690991 0.022814 0.722408
1679941061.975000 -55.368875 -0.207723 49.102475 -0.011846 0.689408 0.022758 0.723919
1679941062.040000 -55.884514 -0.230820 48.245981 -0.014186 0.683657 0.022349 0.729324
1679941062.075000 -56.862986 -0.168082 48.442596 -0.012761 0.682542 0.025408 0.730293
1679941062.142000 -56.553056 -0.106995 49.391390 -0.009447 0.690260 0.031089 0.722831
1679941062.241000 -57.541868 -0.041329 49.525325 -0.010958 0.692722 0.036059 0.720220
1679941062.574000 -58.242377 -0.027933 48.811808 -0.015978 0.693649 0.034456 0.719312
1679941062.674000 -57.998285 0.394856 49.684544 -0.004830 0.709381 0.035310 0.703923
1679941062.710000 -57.025241 0.301293 49.473753 -0.003801 0.711725 0.037021 0.701472
1679941062.774000 -56.207749 0.180686 48.910584 -0.003699 0.715673 0.038562 0.697360
1679941062.809000 -57.175888 0.314339 49.122345 -0.002734 0.716792 0.041165 0.696066
1679941063.007000 -58.173128 0.247355 49.090319 -0.000180 0.716029 0.041213 0.696853
1679941063.210000 -58.415848 0.086818 50.047040 -0.001859 0.728677 0.041447 0.683600
1679941063.341000 -57.469723 -0.169920 49.849722 -0.005218 0.726001 0.043531 0.686295
1679941063.375000 -56.484284 -0.226540 49.689397 -0.006574 0.725075 0.044352 0.687208
1679941063.509000 -57.370959 0.050614 50.059523 -0.006074 0.723820 0.047829 0.688302
1679941063.540000 -56.451712 -0.155953 49.724390 -0.009408 0.723982 0.050070 0.687935
1679941063.907000 -57.437095 -0.046321 49.854774 -0.012733 0.722499 0.054930 0.689068
1679941064.040000 -58.301240 0.000201 49.353686 -0.015687 0.719832 0.061732 0.691220
1679941064.073000 -57.332167 -0.099405 49.127909 -0.016907 0.718631 0.064156 0.692220
1679941064.108000 -57.524993 0.097953 48.166729 -0.015676 0.709129 0.066173 0.701792
1679941064.177000 -56.580983 0.007079 47.849573 -0.014693 0.708109 0.069746 0.702497
1679941064.273000 -57.451677 0.160215 48.316951 -0.014312 0.710185 0.074432 0.699923
1679941064.376000 -58.408851 -0.008180 48.552451 -0.016715 0.712417 0.080935 0.696873
1679941064.408000 -57.430702 0.137415 48.404041 -0.019303 0.713269 0.080649 0.695967
1679941064.508000 -58.430562 0.132521 48.388057 -0.019303 0.713269 0.080649 0.695967
1679941064.608000 -59.332026 -0.074367 48.768267 -0.010196 0.714407 0.072921 0.695846
1679941064.708000 -60.290601 0.205848 48.819398 0.003569 0.715148 0.050467 0.697140
1679941064.875000 -61.170475 0.095271 49.281561 0.003974 0.719916 0.046223 0.692509
1679941064.974000 -60.265156 0.066142 48.857828 0.000225 0.718087 0.051769 0.694025
1679941065.108000 -59.306072 -0.130822 48.654450 -0.001743 0.711437 0.055296 0.700569
1679941065.243000 -60.298862 -0.027468 48.715151 -0.007448 0.708830 0.063584 0.702468
1679941065.341000 -61.280795 -0.104282 48.888091 -0.010497 0.712534 0.065786 0.698468
1679941065.374000 -60.322255 -0.282633 48.665848 -0.010142 0.714248 0.063680 0.696915
1679941065.407000 -61.316047 -0.314986 48.559404 -0.010540 0.715164 0.060405 0.696262
1679941065.441000 -62.244105 -0.117001 48.874855 -0.010066 0.717078 0.056487 0.694628
1679941065.508000 -63.173097 -0.010994 49.229449 -0.010491 0.718692 0.054209 0.693132
1679941065.640000 -64.070681 0.115009 49.651902 -0.009216 0.719926 0.054243 0.691867
1679941065.774000 -64.126999 0.123668 50.650277 -0.005199 0.732095 0.057389 0.678761
1679941065.975000 -65.035735 0.317423 51.019950 -0.005094 0.731504 0.061336 0.679054
1679941066.010000 -64.154776 0.087370 50.606446 -0.004440 0.731423 0.065386 0.678768
1679941066.142000 -65.061589 -0.007986 51.017052 -0.003384 0.734710 0.061284 0.675599
1679941066.209000 -65.783656 0.083187 50.331263 -0.001606 0.734704 0.056729 0.676010
1679941066.273000 -66.610023 -0.443434 50.530730 0.003070 0.738379 0.055010 0.672132
1679941066.376000 -67.603966 -0.540844 50.581609 0.001659 0.741598 0.050842 0.668914
1679941066.541000 -68.561797 -0.622652 50.857050 -0.000903 0.739823 0.054309 0.670605
1679941066.673000 -68.640260 -1.070013 49.966145 -0.011343 0.729577 0.069592 0.680254
1679941066.807000 -68.775644 -0.847951 50.931732 -0.010945 0.732851 0.063602 0.677321
1679941067.143000 -68.073534 -1.101988 50.266520 -0.010005 0.734823 0.065480 0.675017
1679941067.176000 -68.955814 -0.907248 50.695075 -0.009487 0.737102 0.067691 0.672316
1679941067.207000 -69.798865 -0.765811 51.213978 -0.008521 0.739449 0.070276 0.669480
1679941067.241000 -70.652337 -0.541805 51.684516 -0.007385 0.742005 0.073107 0.666355
1679941067.275000 -71.615343 -0.497542 51.950336 -0.005826 0.742940 0.076255 0.664975
1679941067.309000 -70.733372 -0.359631 51.499663 -0.005337 0.745123 0.078036 0.662325
1679941067.441000 -71.621061 -0.794878 51.649891 0.009946 0.752214 0.091480 0.652462
1679941067.540000 -71.541722 -0.823329 52.646333 0.010615 0.772066 0.086310 0.629565
1679941067.607000 -72.309947 -1.409711 52.903211 0.015588 0.777772 0.088678 0.622064
1679941067.642000 -73.263952 -1.284776 53.175729 0.014722 0.779587 0.084828 0.620348
1679941067.674000 -72.271870 -1.409021 53.157389 0.014596 0.781225 0.081476 0.618738
1679941067.740000 -73.101645 -1.329092 53.709732 0.013897 0.783162 0.080035 0.616489
1679941067.775000 -73.834711 -1.254115 54.385746 0.012675 0.785812 0.079906 0.613151
1679941067.974000 -73.412353 -0.743447 55.134633 0.021397 0.824081 0.066312 0.562171
1679941068.042000 -72.451674 -0.766727 54.857950 0.016715 0.825934 0.068296 0.559366
1679941068.074000 -72.307749 -0.609979 55.835045 0.015755 0.830516 0.065858 0.552863
1679941068.108000 -71.983005 -0.884027 54.929816 0.015755 0.830516 0.065858 0.552863
1679941068.212000 -71.795522 -0.506219 55.836520 0.018800 0.837946 0.054063 0.542743
1679941068.442000 -70.870198 -0.594364 55.467730 0.019376 0.838049 0.055298 0.542440
1679941068.475000 -69.931111 -0.623034 55.125248 0.020933 0.838704 0.056220 0.541273
1679941068.640000 -69.577543 -0.841662 56.034749 0.031262 0.847027 0.062314 0.526958
1679941068.708000 -68.693616 -0.849752 55.567194 0.036990 0.848402 0.068864 0.523549
1679941068.775000 -69.359562 -1.196711 56.227600 0.043995 0.849783 0.074214 0.520025
1679941068.841000 -68.520285 -1.262769 55.687924 0.044567 0.852442 0.073226 0.515747
1679941068.873000 -68.116351 -1.830721 56.405048 0.042477 0.860416 0.077168 0.501921
1679941068.909000 -68.865059 -2.197366 56.957324 0.045668 0.863447 0.078722 0.496162
1679941068.975000 -69.606609 -2.434314 57.584985 0.046129 0.868503 0.075897 0.487662
1679941069.041000 -69.434283 -2.557655 56.607697 0.045319 0.868274 0.075633 0.488186
1679941069.142000 -69.361727 -2.655132 57.600287 0.044455 0.871207 0.074242 0.483229
1679941069.307000 -69.797585 -2.524987 56.709731 0.043933 0.869661 0.073733 0.486132
1679941069.407000 -68.948599 -2.289520 56.236679 0.042261 0.873424 0.082712 0.478021
1679941069.441000 -68.574917 -2.951801 56.886097 0.038236 0.878341 0.089278 0.468064
1679941069.540000 -67.711481 -2.657109 56.476666 0.041193 0.883411 0.086198 0.458757
1679941069.607000 -67.450672 -3.258767 57.231640 0.038576 0.889863 0.091510 0.445289
1679941069.676000 -67.072491 -3.682557 58.054672 0.032918 0.898945 0.097140 0.425885
1679941069.774000 -66.626446 -3.282968 57.253815 0.030435 0.903823 0.103219 0.414153
1679941069.908000 -65.733874 -3.386740 56.815013 0.030092 0.903912 0.106420 0.413174
1679941069.973000 -64.846725 -3.427153 56.355303 0.030327 0.904919 0.111199 0.409678
1679941070.141000 -64.295658 -3.319243 55.527849 0.032667 0.900980 0.128683 0.413048
1679941070.207000 -63.469635 -3.367073 54.966246 0.027201 0.899151 0.133160 0.416000
1679941070.308000 -64.384247 -3.375780 55.370484 0.017055 0.896291 0.135551 0.421897
1679941070.375000 -65.365731 -3.498205 55.517799 0.013914 0.894171 0.135273 0.426574
1679941070.441000 -64.790624 -3.285129 54.727956 0.011515 0.889789 0.135253 0.435718
1679941070.576000 -65.235522 -3.651410 55.545211 0.012225 0.881121 0.145678 0.449727
1679941070.707000 -65.555777 -3.367748 54.641346 0.026133 0.848065 0.145304 0.508911
1679941070.840000 -66.204289 -2.905695 54.036416 0.045269 0.826234 0.132584 0.545629
1679941070.910000 -65.361170 -2.728886 53.528589 0.049100 0.821895 0.132433 0.551851
1679941071.143000 -66.269479 -2.840772 53.931647 0.050352 0.821327 0.127683 0.553700
1679941071.240000 -66.302378 -3.243807 54.846239 0.049598 0.825947 0.116929 0.549254
1679941071.275000 -67.260351 -3.115063 55.102584 0.051177 0.825624 0.112840 0.550448
1679941071.407000 -66.262446 -3.170952 55.069970 0.052711 0.823285 0.112823 0.553800
1679941071.507000 -67.030082 -3.367032 55.680124 0.053094 0.821220 0.112195 0.556948
1679941071.607000 -67.018684 -3.168857 56.660225 0.049177 0.822641 0.114265 0.554786
1679941071.676000 -67.478091 -3.284091 57.540944 0.050789 0.821910 0.117126 0.555127
1679941071.908000 -66.485690 -3.358565 57.638890 0.052786 0.821936 0.125168 0.553143
1679941072.076000 -65.587541 -3.328033 57.200259 0.053233 0.821819 0.121991 0.553984
1679941072.108000 -64.656361 -3.241897 56.846022 0.053266 0.822197 0.117991 0.554286
1679941072.142000 -65.639212 -3.124071 56.987869 0.054281 0.822462 0.114231 0.554581
1679941072.175000 -66.614975 -2.950143 57.120670 0.054746 0.823364 0.111618 0.553730
1679941072.443000 -67.540928 -2.919025 57.497023 0.055729 0.822592 0.113731 0.554349
1679941072.641000 -67.885919 -2.349071 56.751280 0.051115 0.814397 0.109224 0.567640
1679941072.707000 -68.756848 -2.431552 57.235716 0.052556 0.815900 0.103306 0.566456
1679941072.741000 -69.743376 -2.418560 57.398794 0.054561 0.815479 0.100732 0.567336
1679941073.040000 -70.700133 -2.129396 57.367185 0.055816 0.815650 0.104350 0.566314
1679941073.207000 -70.903224 -1.499896 56.617196 0.059227 0.809297 0.108696 0.574209
1679941073.345000 -71.762346 -1.641958 57.108854 0.055533 0.811689 0.113959 0.570167
1679941073.575000 -70.829031 -1.688188 56.752782 0.057282 0.820496 0.102284 0.559502
1679941073.608000 -71.364849 -1.747211 57.595050 0.056550 0.823844 0.102302 0.554632
1679941073.809000 -70.432387 -1.746399 57.233785 0.048793 0.833363 0.107225 0.540026
1679941073.841000 -69.536175 -1.717415 56.791107 0.046277 0.834809 0.110284 0.537391
1679941073.876000 -68.563979 -1.864453 56.608856 0.041981 0.837284 0.114371 0.533022
1679941073.940000 -67.596830 -1.871233 56.354735 0.034817 0.843023 0.122165 0.522662
1679941074.007000 -66.613948 -1.939139 56.183471 0.026188 0.850980 0.124301 0.509603
1679941074.040000 -65.816667 -1.782893 55.600436 0.023207 0.855100 0.123568 0.502987
1679941074.077000 -64.873605 -1.540108 55.373083 0.024448 0.859913 0.123101 0.494771
1679941074.242000 -64.498514 -1.276733 54.484297 0.017281 0.886343 0.119265 0.447072
1679941074.460000 -63.760670 -1.102447 53.832215 0.005777 0.911945 0.126204 0.390379
1679941074.626000 -62.971718 -1.199895 54.438893 0.003592 0.942358 0.131984 0.307455
1679941074.757000 -62.289913 -1.178094 53.707685 0.000681 0.946502 0.137349 0.292007
1679941074.825000 -61.586522 -1.656069 54.233786 0.001208 0.952950 0.150742 0.262987
1679941074.893000 -60.669625 -2.030738 54.096226 0.005340 0.956034 0.155884 0.248336
1679941074.927000 -61.149696 -2.168729 54.962534 0.005278 0.957564 0.155885 0.242369
1679941074.992000 -60.319549 -2.530123 55.387094 0.001651 0.964370 0.160714 0.210140
1679941075.024000 -59.888105 -2.448054 54.488696 -0.001315 0.965806 0.159869 0.204105
1679941075.058000 -59.311500 -2.332206 53.679927 -0.003576 0.967296 0.159309 0.197349
1679941075.123000 -59.234086 -2.015170 52.734679 -0.007119 0.970321 0.154553 0.185848
1679941075.156000 -59.428028 -2.445010 53.616509 -0.005560 0.971513 0.153314 0.180627
1679941075.191000 -59.874840 -2.576887 54.501364 -0.006625 0.972783 0.150368 0.176179
1679941075.290000 -59.088639 -2.938293 55.002637 -0.008091 0.977957 0.157524 0.136825
1679941075.391000 -59.025312 -2.844361 54.009074 -0.010131 0.979024 0.157327 0.129067
1679941075.491000 -59.218131 -3.062560 54.965740 -0.010041 0.980041 0.158518 0.119548
1679941075.592000 -59.177216 -3.308926 55.934053 -0.011392 0.982251 0.155529 0.104232
1679941075.625000 -59.422461 -3.410489 56.898180 -0.011218 0.982958 0.155480 0.097439
1679941075.757000 -58.434105 -3.354096 57.039505 -0.019329 0.986677 0.154533 0.047061
1679941075.792000 -58.387859 -3.450557 58.033766 -0.021237 0.986486 0.157685 0.039114
1679941075.857000 -57.391391 -3.504418 58.098196 -0.026720 0.986448 0.161186 0.015011
1679941076.026000 -57.223464 -3.952578 58.976235 -0.036258 0.986928 0.156919 -0.005932
1679941076.059000 -57.745907 -3.880318 59.825842 -0.040647 0.987174 0.154141 -0.008748
1679941076.124000 -57.416979 -3.851209 60.769748 -0.043860 0.987139 0.153292 -0.011591
1679941076.159000 -58.289146 -3.765921 60.288033 -0.047188 0.987021 0.153119 -0.010796
1679941076.258000 -59.204499 -3.480446 60.571992 -0.050412 0.985840 0.159124 -0.016044
1679941076.291000 -60.166381 -3.208903 60.539625 -0.051362 0.985989 0.158424 -0.009478
1679941076.357000 -59.958793 -3.056996 59.573275 -0.049366 0.986017 0.158941 -0.008403
1679941076.424000 -59.840726 -3.188690 60.557509 -0.046292 0.986510 0.156791 -0.008454
1679941076.490000 -59.733452 -3.297888 61.545724 -0.044093 0.986925 0.154577 -0.011824
1679941076.524000 -59.757163 -3.384323 62.541699 -0.042852 0.987014 0.154155 -0.014259
1679941076.591000 -59.624079 -3.671773 63.490204 -0.040534 0.986929 0.154661 -0.020206
1679941076.657000 -58.639130 -3.592975 63.644043 -0.035404 0.986992 0.152413 -0.036933
1679941076.724000 -58.567252 -3.690532 64.636674 -0.029359 0.987901 0.147352 -0.038425
1679941076.892000 -58.300309 -3.691625 65.600386 -0.029132 0.988081 0.146124 -0.038660
1679941076.923000 -58.800772 -3.577277 64.742212 -0.030975 0.988252 0.144870 -0.037564
1679941076.957000 -59.265257 -3.429833 63.868992 -0.033478 0.988514 0.142800 -0.036429
1679941076.990000 -59.551719 -3.366688 62.912983 -0.036762 0.988726 0.140759 -0.035445
1679941077.023000 -59.093693 -3.323218 63.800859 -0.038721 0.988845 0.139390 -0.035445
1679941077.091000 -59.385672 -3.265602 62.846171 -0.042468 0.988816 0.138854 -0.034042
1679941077.224000 -59.488043 -3.636943 63.769007 -0.041861 0.987479 0.148892 -0.031054
1679941077.357000 -59.530415 -3.579015 62.771586 -0.042749 0.987665 0.148220 -0.026854
1679941077.426000 -59.607150 -3.434410 61.785076 -0.042164 0.987864 0.146957 -0.027390
1679941077.458000 -59.533115 -3.730539 62.737350 -0.043124 0.987911 0.145775 -0.030364
1679941077.493000 -58.889998 -3.852477 63.493348 -0.042818 0.987860 0.144747 -0.036700
1679941077.590000 -58.577322 -3.926107 64.440349 -0.042690 0.986963 0.147965 -0.046773
1679941077.626000 -57.599898 -3.733400 64.353713 -0.041223 0.985535 0.148482 -0.070531
1679941077.792000 -57.797504 -3.656693 63.376437 -0.046108 0.984164 0.150410 -0.081683
1679941077.858000 -57.751839 -3.816904 64.362463 -0.046171 0.984168 0.148954 -0.084227
1679941077.923000 -57.696571 -3.451612 63.433212 -0.045970 0.984438 0.143700 -0.090106
1679941077.990000 -57.161454 -3.544508 64.272867 -0.047789 0.983906 0.141001 -0.098809
1679941078.093000 -56.178796 -3.392355 64.166883 -0.043489 0.979694 0.137569 -0.139226
1679941078.124000 -55.906270 -3.684151 65.083717 -0.039480 0.979162 0.136491 -0.145099
1679941078.193000 -55.709631 -3.911476 66.037476 -0.029485 0.978313 0.133243 -0.155819
1679941078.393000 -56.677450 -3.695237 65.908768 -0.019562 0.974324 0.137770 -0.177003
1679941078.490000 -56.187445 -4.152700 66.650807 -0.015356 0.972705 0.140974 -0.183672
1679941078.557000 -55.307252 -4.180750 66.177021 -0.019511 0.969947 0.146221 -0.193497
1679941078.657000 -54.717584 -4.529762 66.905363 -0.023357 0.966881 0.150772 -0.204605
1679941078.725000 -54.363332 -4.643116 67.833617 -0.027961 0.965427 0.149103 -0.211985
1679941078.824000 -53.391456 -4.619591 67.599301 -0.027183 0.962887 0.148822 -0.223522
1679941078.892000 -52.861195 -4.902891 68.398404 -0.026341 0.961806 0.148464 -0.228458
1679941078.991000 -53.661937 -4.778768 68.984412 -0.032694 0.963071 0.147201 -0.223063
1679941079.024000 -53.220978 -4.840871 69.879788 -0.033234 0.961861 0.149910 -0.226374
1679941079.158000 -53.411270 -4.197730 69.138061 -0.028490 0.959880 0.155935 -0.231306
1679941079.192000 -53.687958 -4.080948 70.091899 -0.031872 0.960596 0.154747 -0.228675
1679941079.225000 -53.299323 -4.087347 71.013268 -0.035678 0.961047 0.153308 -0.227184
1679941079.293000 -54.134065 -3.995257 71.556153 -0.042150 0.963344 0.150249 -0.218213
1679941079.390000 -53.671313 -4.033839 72.441801 -0.041633 0.962742 0.154051 -0.218317
1679941079.557000 -53.083166 -4.335165 73.192324 -0.039400 0.961802 0.154900 -0.222241
1679941079.591000 -52.168977 -4.201169 72.809826 -0.038230 0.959727 0.154083 -0.231778
1679941079.826000 -51.701902 -4.273060 73.691116 -0.037294 0.959887 0.150572 -0.233570
1679941079.923000 -50.737558 -4.163415 73.450243 -0.038717 0.955478 0.143002 -0.255173
1679941080.159000 -51.278840 -4.293129 72.619467 -0.042541 0.954780 0.141094 -0.258222
1679941080.257000 -50.746166 -4.298470 73.465771 -0.043052 0.954207 0.140118 -0.260773
1679941080.291000 -50.012491 -4.251818 74.143669 -0.043928 0.953237 0.139977 -0.264228
1679941080.324000 -49.170873 -4.435718 74.651468 -0.043132 0.952219 0.139554 -0.268223
1679941080.359000 -48.487896 -4.640127 75.352724 -0.042667 0.951152 0.139096 -0.272290
1679941080.491000 -47.889104 -4.310202 74.622930 -0.043874 0.941484 0.135912 -0.305304
1679941080.594000 -47.254081 -4.703699 75.287691 -0.037200 0.938011 0.134500 -0.317271
1679941080.657000 -46.535748 -4.930490 75.945387 -0.034441 0.934228 0.131822 -0.329628
1679941080.692000 -47.053332 -4.689312 75.124448 -0.034068 0.931685 0.132314 -0.336593
1679941080.757000 -46.353971 -5.179122 74.603891 -0.031099 0.925442 0.140142 -0.350642
1679941080.792000 -47.089287 -5.109295 73.929774 -0.030630 0.922829 0.142142 -0.356712
1679941080.891000 -46.376016 -5.130815 74.630332 -0.035907 0.916207 0.142156 -0.372918
1679941080.924000 -45.596399 -5.309770 75.230475 -0.037195 0.913840 0.142315 -0.378497
1679941080.958000 -46.237819 -5.458249 74.477790 -0.041890 0.910718 0.144713 -0.384572
1679941081.024000 -45.683446 -5.244801 73.673358 -0.044857 0.894673 0.141253 -0.421421
1679941081.192000 -45.342397 -4.585872 73.002912 -0.053076 0.877420 0.120033 -0.461422
1679941081.259000 -44.684534 -4.846878 72.296448 -0.048192 0.862323 0.123207 -0.488770
1679941081.293000 -45.610309 -4.779288 71.924462 -0.047962 0.858275 0.121314 -0.496333
1679941081.326000 -44.705158 -4.588021 72.304092 0.048164 -0.855024 -0.118169 0.502643
1679941081.391000 -44.189938 -4.317685 71.490786 0.051745 -0.845017 -0.105951 0.521577
1679941081.425000 -43.243148 -4.293765 71.811749 0.053425 -0.842200 -0.101059 0.526908
1679941081.494000 -42.368579 -3.897811 71.531840 0.057124 -0.834425 -0.095116 0.539837
1679941081.594000 -43.215967 -3.625765 71.075854 0.051354 -0.825739 -0.088901 0.554630
1679941081.659000 -42.317352 -4.014908 71.278483 0.048777 -0.821255 -0.084283 0.562190
1679941081.724000 -43.149866 -4.237192 70.771029 0.053204 -0.815764 -0.082042 0.570059
1679941081.792000 -42.210152 -4.532132 70.944079 0.052866 -0.811997 -0.079918 0.575742
1679941081.858000 -43.049343 -4.767952 70.454031 0.053928 -0.809296 -0.080649 0.579334
1679941082.024000 -43.944128 -4.548589 70.065137 0.044923 -0.797824 -0.072347 0.596845
1679941082.091000 -44.738627 -4.742326 69.489605 0.045722 -0.791582 -0.072461 0.605026
1679941082.157000 -43.784098 -4.448231 69.538402 0.048445 -0.784801 -0.069389 0.613942
1679941082.225000 -43.893424 -4.297529 68.555887 0.046430 -0.768800 -0.063241 0.634659
1679941082.290000 -42.971449 -4.208581 68.178990 0.039385 -0.759656 -0.066080 0.645760
1679941082.391000 -42.108691 -3.910083 68.587091 0.038980 -0.757595 -0.069343 0.647860
1679941082.525000 -42.339877 -4.260720 67.679563 0.040052 -0.741349 -0.080184 0.665107
1679941082.593000 -42.451774 -4.471663 66.708490 0.033249 -0.730748 -0.086836 0.676284
1679941082.657000 -43.383636 -4.609410 66.372844 0.031847 -0.724359 -0.088890 0.682926
1679941082.857000 -42.417329 -4.353645 66.401733 0.030375 -0.711246 -0.086096 0.696989
1679941082.927000 -42.464472 -3.881676 65.521379 0.032279 -0.688028 -0.067467 0.721819
1679941082.994000 -41.683373 -3.479184 65.044007 0.035225 -0.675755 -0.059166 0.733903
1679941083.091000 -40.821327 -3.708326 64.591933 0.022130 -0.662143 -0.054196 0.747087
1679941083.127000 -39.837014 -3.556958 64.501295 0.019525 -0.658642 -0.053825 0.750275
1679941083.191000 -40.782405 -3.860683 64.383025 0.021239 -0.651149 -0.057686 0.756457
1679941083.361000 -41.195315 -4.244706 63.557173 0.017930 -0.632069 -0.069607 0.771571
1679941083.424000 -42.186019 -4.380568 63.563902 0.018914 -0.627615 -0.072851 0.774877
1679941083.457000 -41.252910 -4.201352 63.875651 0.020124 -0.625185 -0.073782 0.776721
1679941083.591000 -42.215544 -4.450806 63.981046 0.025074 -0.623754 -0.072284 0.777867
1679941083.759000 -41.334109 -4.520293 63.513880 0.033487 -0.620312 -0.055386 0.781681
1679941083.857000 -40.372454 -4.249769 63.558995 0.036850 -0.618785 -0.054956 0.782769
1679941083.923000 -41.116399 -4.684845 64.066198 0.036658 -0.617221 -0.059808 0.783656
1679941084.391000 -42.095167 -4.870703 63.979770 0.023602 -0.608160 -0.055211 0.791540
1679941084.423000 -41.155716 -4.559978 64.124272 0.023975 -0.606197 -0.051012 0.793314
1679941084.458000 -40.311241 -4.131401 63.803051 0.027171 -0.602916 -0.044885 0.796077
1679941084.592000 -39.823095 -3.616036 63.098697 0.035023 -0.585591 -0.027685 0.809377
1679941084.625000 -40.742489 -3.935429 63.328269 0.035205 -0.582382 -0.029529 0.811616
1679941084.760000 -41.671761 -4.275606 63.184274 0.041353 -0.571020 -0.043200 0.818755
1679941084.857000 -42.611796 -4.513153 63.429028 0.038908 -0.575582 -0.048047 0.815403
1679941084.958000 -43.534081 -4.820947 63.662809 0.037284 -0.582426 -0.053203 0.810284
1679941085.024000 -42.627815 -4.640673 63.280469 0.037100 -0.584172 -0.055550 0.808877
1679941085.056000 -43.541492 -4.921188 63.574590 0.038055 -0.586677 -0.056327 0.806963
1679941085.257000 -44.396664 -5.238482 63.984473 0.041621 -0.592170 -0.062480 0.802308
1679941085.324000 -45.345312 -5.533438 64.098793 0.041529 -0.593984 -0.062695 0.800954
1679941085.359000 -46.317806 -5.765391 64.120055 0.041545 -0.594713 -0.062630 0.800417
1679941085.391000 -47.272571 -6.060190 64.081108 0.040757 -0.595844 -0.063834 0.799521
1679941085.623000 -46.292635 -5.922027 64.224757 0.031061 -0.604964 -0.057600 0.793559
1679941085.657000 -45.317250 -5.794075 64.045166 0.030406 -0.608728 -0.055812 0.790829
1679941085.759000 -44.327686 -5.790109 63.901127 0.032025 -0.619063 -0.051627 0.782988
1679941085.791000 -45.093849 -5.975413 64.516477 0.033248 -0.625466 -0.046873 0.778132
1679941085.859000 -44.124960 -5.978292 64.269000 0.036427 -0.634460 -0.038879 0.771118
1679941085.927000 -43.167308 -5.705794 64.361991 0.035554 -0.639175 -0.036484 0.767372
1679941085.992000 -44.123639 -5.805236 64.636838 0.035903 -0.647161 -0.037029 0.760607
1679941086.093000 -45.070746 -6.064343 64.826186 0.037894 -0.661222 -0.038235 0.748256
1679941086.157000 -44.078069 -5.951935 64.870429 0.043064 -0.672455 -0.039294 0.737838
1679941086.191000 -44.013983 -5.396388 65.699441 0.050742 -0.687642 -0.034648 0.723445
1679941086.225000 -44.965535 -5.167766 65.905063 0.058385 -0.692308 -0.038802 0.718189
1679941086.259000 -45.955590 -5.205887 66.040486 0.062458 -0.698938 -0.040552 0.711295
1679941086.291000 -46.950891 -5.142279 66.113488 0.065765 -0.705224 -0.044081 0.704550
1679941086.358000 -47.944019 -5.045699 66.179581 0.072352 -0.718521 -0.049623 0.689949
1679941086.393000 -47.002036 -4.797380 66.405424 0.073266 -0.725744 -0.051248 0.682130
1679941086.459000 -47.964634 -4.537101 66.330199 0.082887 -0.734959 -0.060699 0.670284
1679941086.491000 -48.927605 -4.269396 66.298253 0.089042 -0.737509 -0.067008 0.666079
1679941086.526000 -48.658422 -4.535150 67.223950 0.090107 -0.749229 -0.074684 0.651889
1679941086.660000 -49.630638 -4.314661 67.302567 0.104582 -0.759531 -0.081496 0.636815
1679941086.724000 -48.650148 -4.164060 67.428896 0.108527 -0.769903 -0.081077 0.623617
1679941086.858000 -48.663894 -4.945932 68.052184 0.099159 -0.795197 -0.114046 0.587216
1679941086.891000 -49.661215 -5.006818 68.011644 0.102605 -0.798790 -0.118928 0.580743
1679941086.994000 -48.809420 -4.839692 68.508146 0.112471 -0.810807 -0.120400 0.561645
1679941087.126000 -47.884584 -4.686398 68.856254 0.117383 -0.823422 -0.117706 0.542533
1679941087.458000 -48.745686 -4.641148 68.349840 0.110096 -0.828664 -0.123411 0.534756
1679941087.623000 -49.698800 -4.848579 68.129508 0.101837 -0.832692 -0.139561 0.526094
1679941087.659000 -48.754402 -4.983038 68.429564 0.101847 -0.833919 -0.142245 0.523424
1679941087.691000 -49.680243 -5.315464 68.249809 0.104560 -0.835959 -0.143665 0.519231
1679941087.757000 -49.003462 -5.181530 68.973708 0.109973 -0.839421 -0.141413 0.513108
1679941087.823000 -48.636811 -4.889620 69.857085 0.119831 -0.846213 -0.134790 0.501394
1679941087.858000 -47.718839 -4.808628 70.245374 -0.122419 0.848366 0.132982 -0.497598
1679941087.958000 -46.817036 -4.734922 70.671190 -0.122312 0.851600 0.132884 -0.492096
1679941087.991000 -46.210095 -4.541469 71.442033 -0.121657 0.853894 0.133223 -0.488177
1679941088.024000 -45.587175 -4.329550 72.195067 -0.120270 0.856412 0.133070 -0.484134
1679941088.091000 -46.474904 -4.348422 71.735088 -0.121909 0.859547 0.134899 -0.477619
1679941088.190000 -45.617172 -4.389236 72.247562 -0.121819 0.865223 0.136302 -0.466873
1679941088.225000 -46.283080 -4.634315 71.542933 -0.119355 0.866602 0.136663 -0.464842
1679941088.258000 -45.660882 -4.472036 72.308788 -0.117278 0.867700 0.138581 -0.462750
1679941088.292000 -46.115136 -4.685843 71.443953 -0.115247 0.868512 0.141183 -0.460948
1679941088.357000 -47.008957 -4.733267 70.998044 -0.115731 0.869943 0.145276 -0.456837
1679941088.392000 -47.857000 -4.876478 70.487835 -0.115883 0.871772 0.143940 -0.453724
1679941088.424000 -48.511278 -4.969058 69.737269 -0.117407 0.873992 0.140935 -0.449990
1679941088.458000 -47.754567 -4.957410 70.390915 -0.120400 0.875466 0.137978 -0.447241
1679941088.557000 -48.559986 -4.753885 69.834248 -0.128015 0.877205 0.134039 -0.442896
1679941088.625000 -48.082278 -5.631586 69.796353 -0.122079 0.876740 0.140933 -0.443353
1679941088.757000 -47.294103 -5.793283 70.390184 -0.114076 0.877193 0.143353 -0.443813
1679941088.923000 -48.213503 -5.860974 70.002728 -0.103529 0.879285 0.141926 -0.442716
1679941088.992000 -49.135245 -5.779336 69.623616 -0.097395 0.879730 0.146563 -0.441711
1679941089.027000 -48.299089 -5.927519 70.151711 -0.093746 0.880485 0.147192 -0.440787
1679941089.125000 -49.280802 -6.064668 70.019694 -0.096451 0.880748 0.148715 -0.439163
1679941089.224000 -48.504261 -6.350029 69.457953 -0.097101 0.874193 0.148518 -0.451996
1679941089.358000 -47.681473 -6.546288 69.991340 -0.098993 0.872401 0.147480 -0.455375
1679941089.457000 -46.891826 -6.629904 70.599177 -0.100389 0.872941 0.149218 -0.453465
1679941089.657000 -47.682088 -6.493766 70.001722 -0.095907 0.866572 0.149635 -0.466330
1679941089.723000 -46.803108 -6.577275 70.471213 -0.094703 0.859867 0.153687 -0.477535
1679941089.760000 -46.345845 -6.939846 69.659146 -0.091399 0.850880 0.160055 -0.491967
1679941089.824000 -47.183624 -6.762179 69.142851 0.089278 -0.845647 -0.159064 0.501606
1679941089.925000 -48.005924 -6.623962 68.590837 0.087887 -0.839112 -0.161508 0.511940
1679941089.991000 -47.053904 -6.735232 68.875930 0.085263 -0.835290 -0.167508 0.516684
1679941090.094000 -47.566295 -6.706993 68.017642 0.082734 -0.835023 -0.169308 0.516939
1679941090.190000 -48.545264 -6.899878 67.951191 0.076459 -0.836445 -0.170811 0.515108
1679941090.259000 -47.746831 -6.765187 68.538016 0.075547 -0.837270 -0.168085 0.514800
1679941090.294000 -46.807155 -6.955112 68.822511 0.076166 -0.837567 -0.165742 0.514985
1679941090.390000 -46.311223 -6.908929 69.689643 0.079668 -0.843671 -0.155497 0.507635
1679941090.424000 -47.129130 -6.716834 69.147308 0.081170 -0.844105 -0.153058 0.507417
1679941090.459000 -47.893814 -6.572190 68.519346 0.082280 -0.844642 -0.150216 0.507193
1679941090.524000 -46.913166 -6.602418 68.712780 0.083783 -0.845317 -0.148120 0.506439
1679941090.624000 -46.027523 -6.469946 69.157849 0.087162 -0.846970 -0.154231 0.501257
1679941090.657000 -45.087204 -6.381666 69.486492 -0.088541 0.847181 0.157580 -0.499613
1679941090.723000 -45.990731 -6.281757 69.069772 -0.090944 0.847661 0.163348 -0.496505
1679941090.790000 -46.854654 -6.150384 68.583584 -0.093015 0.848943 0.164038 -0.493696
1679941090.825000 -46.001035 -5.944902 69.062240 -0.093933 0.850310 0.162501 -0.491674
1679941090.858000 -45.194423 -5.746063 69.618873 -0.094169 0.852030 0.160093 -0.489435
1679941090.890000 -44.295377 -5.805422 70.052686 -0.093375 0.853628 0.158407 -0.487348
1679941090.958000 -45.128189 -5.973411 69.525235 -0.090784 0.855208 0.158312 -0.485093
1679941091.024000 -45.962727 -6.187492 69.017578 -0.082880 0.857580 0.162025 -0.481078
1679941091.158000 -46.731477 -5.875463 68.459312 -0.077485 0.860759 0.174980 -0.471670
1679941091.291000 -47.569084 -5.632990 67.969800 -0.072968 0.863504 0.184104 -0.463834
1679941091.358000 -46.804376 -5.563843 68.610456 -0.070663 0.866374 0.184514 -0.458647
1679941091.491000 -47.705910 -5.405034 68.207945 -0.072549 0.871908 0.185079 -0.447504
1679941091.524000 -46.961994 -5.782484 68.759415 -0.073274 0.873604 0.184978 -0.444106
1679941091.560000 -47.902301 -5.595561 68.475018 -0.074566 0.874947 0.183319 -0.441929
1679941091.591000 -47.245249 -5.513581 69.224392 -0.073766 0.876717 0.181063 -0.439480
1679941091.825000 -46.451841 -5.750895 69.784916 -0.065185 0.876305 0.176159 -0.443632
1679941091.957000 -47.256155 -5.925025 69.216798 -0.055050 0.876517 0.178599 -0.443610
1679941091.990000 -46.743023 -5.855820 70.072313 -0.051609 0.876677 0.179906 -0.443179
1679941092.024000 -46.042622 -6.128981 70.731723 -0.051022 0.877050 0.181414 -0.441892
1679941092.091000 -45.285566 -6.190477 71.382173 -0.051799 0.877400 0.182491 -0.440663
1679941092.224000 -46.047961 -6.232205 70.736407 -0.051858 0.877853 0.182567 -0.439720
1679941092.258000 -46.889268 -6.334222 70.205565 -0.053212 0.878318 0.182994 -0.438450
1679941092.324000 -46.180355 -6.797429 70.737430 -0.056174 0.878739 0.186809 -0.435621
1679941092.458000 -45.432255 -6.850582 71.398884 -0.067288 0.881350 0.189059 -0.427727
1679941092.590000 -44.708558 -7.073846 72.051888 -0.076146 0.884635 0.192207 -0.417947
1679941092.793000 -44.565289 -7.127912 73.040094 -0.081349 0.896566 0.178275 -0.397201
1679941092.857000 -45.363235 -7.194831 72.441092 -0.079887 0.898345 0.178858 -0.393198
1679941092.924000 -44.642494 -7.187688 73.134259 -0.077083 0.899711 0.180521 -0.389859
1679941092.990000 -45.036460 -7.056524 72.224541 -0.071756 0.899682 0.183959 -0.389337
1679941093.091000 -44.361556 -7.372521 72.891362 -0.070728 0.899925 0.183463 -0.389196
1679941093.123000 -43.750146 -7.495161 73.673115 -0.068455 0.900904 0.181473 -0.388271
1679941093.157000 -43.111649 -7.759809 74.395806 -0.067246 0.901824 0.180350 -0.386865
1679941093.191000 -42.553786 -8.107517 75.149389 -0.066183 0.902244 0.179822 -0.386316
1679941093.324000 -43.136862 -7.761242 74.414463 -0.066613 0.901488 0.177656 -0.389001
1679941093.358000 -42.490679 -8.101980 75.097359 -0.067375 0.900614 0.175700 -0.391770
1679941093.390000 -42.976849 -8.153998 74.225044 -0.070427 0.899656 0.172905 -0.394668
1679941093.523000 -42.008964 -8.197182 74.472699 -0.073281 0.892650 0.161527 -0.414384
1679941093.557000 -41.304236 -8.164563 75.181427 -0.074296 0.890912 0.162407 -0.417588
1679941093.758000 -41.213117 -9.112948 74.877679 -0.061904 0.884808 0.196120 -0.418114
1679941093.824000 -40.472827 -9.026889 75.544436 -0.059029 0.885993 0.196392 -0.415888
1679941094.091000 -39.526726 -9.001999 75.221523 -0.069698 0.879614 0.182009 -0.433929
1679941094.158000 -38.851990 -9.084460 75.954961 -0.068204 0.879661 0.180234 -0.434811
1679941094.223000 -38.482085 -8.853466 76.854857 -0.064332 0.879634 0.180207 -0.435467
1679941094.291000 -39.263063 -9.023030 77.455958 -0.064930 0.880828 0.180527 -0.432824
1679941094.425000 -38.789561 -8.694465 76.638742 -0.063649 0.867644 0.177193 -0.460158
1679941094.591000 -38.323336 -8.915914 75.782241 0.050535 -0.829367 -0.197095 0.520336
1679941094.692000 -37.411688 -9.132106 76.131756 0.055837 -0.814283 -0.193172 0.544527
1679941094.758000 -37.073685 -8.692719 75.299474 0.067370 -0.788202 -0.183410 0.583575
1679941094.791000 -36.099883 -8.882511 75.424735 0.068545 -0.780793 -0.180239 0.594287
1679941094.827000 -35.830748 -8.500329 74.540707 0.073242 -0.761076 -0.175350 0.620203
1679941094.892000 -35.527625 -8.532077 73.588285 0.073775 -0.724249 -0.177183 0.662289
1679941094.957000 -35.612459 -7.894532 72.822557 0.087396 -0.683540 -0.154804 0.707934
1679941095.023000 -35.479098 -8.117537 71.856905 0.082389 -0.665212 -0.156228 0.725464
1679941095.060000 -34.574833 -8.273875 71.459585 0.079354 -0.657443 -0.154279 0.733259
1679941095.090000 -34.503149 -8.293787 70.462356 0.073650 -0.636229 -0.155804 0.752006
1679941095.125000 -35.476351 -8.398625 70.667016 0.071648 -0.627911 -0.157243 0.758860
1679941095.157000 -36.407595 -8.141302 70.925029 0.065757 -0.621941 -0.154223 0.764905
1679941095.225000 -35.615980 -8.336878 70.346154 0.061110 -0.606993 -0.153413 0.777361
1679941095.323000 -34.765776 -8.717738 69.982702 0.046977 -0.589367 -0.143737 0.793586
1679941095.356000 -33.808124 -8.806647 70.256560 0.048214 -0.580782 -0.147639 0.799106
1679941095.459000 -34.069190 -8.663642 69.301891 0.056214 -0.541429 -0.148081 0.825692
1679941095.491000 -33.394148 -8.950416 68.622127 0.054815 -0.533856 -0.145176 0.831214
1679941095.557000 -34.334492 -9.214697 68.836387 0.057749 -0.526065 -0.147274 0.835602
1679941095.625000 -35.147773 -8.716232 69.136567 0.056564 -0.521262 -0.142235 0.839557
1679941095.691000 -36.064138 -8.410259 69.394743 0.056001 -0.510548 -0.134481 0.847419
1679941095.794000 -36.390984 -8.053026 68.519782 0.062198 -0.476029 -0.125939 0.868140
1679941095.858000 -37.042529 -7.518313 67.981665 0.071454 -0.451583 -0.112917 0.882166
1679941096.057000 -37.507572 -6.636235 67.906344 0.114803 -0.420374 -0.073652 0.897041
1679941096.090000 -38.406253 -7.032703 68.093917 0.118193 -0.416720 -0.073278 0.898335
1679941096.258000 -37.670971 -7.136156 67.424098 0.126254 -0.405639 -0.065142 0.902925
1679941096.590000 -38.533160 -7.551831 67.713658 0.129071 -0.402700 -0.062640 0.904018
1679941096.758000 -38.104034 -7.437281 66.817707 0.126688 -0.401267 -0.062832 0.904979
1679941097.024000 -37.638095 -7.125868 65.989502 0.127791 -0.399666 -0.058568 0.905818
1679941097.092000 -38.563954 -7.465357 66.155432 0.126624 -0.397208 -0.058077 0.907094
1679941097.225000 -39.375191 -7.883540 66.564110 0.123084 -0.392431 -0.057866 0.909670
1679941097.357000 -40.137704 -7.613961 67.152243 0.109077 -0.393252 -0.047984 0.911676
1679941097.524000 -40.756001 -7.837919 67.905603 0.106003 -0.397006 -0.059887 0.909705
1679941097.591000 -41.588078 -8.187049 68.336598 0.105709 -0.396151 -0.061738 0.909988
1679941097.624000 -42.411268 -8.548798 68.774199 0.104923 -0.394686 -0.063386 0.910602
1679941097.660000 -43.002321 -8.973644 69.459883 0.104851 -0.390658 -0.066443 0.912128
1679941097.690000 -42.427342 -8.560813 68.753505 0.104856 -0.386165 -0.068869 0.913860
1679941097.723000 -41.508369 -8.170622 68.696595 0.105734 -0.382481 -0.071318 0.915119
1679941097.757000 -41.016304 -7.635149 68.010199 0.107316 -0.378961 -0.072215 0.916328
1679941097.828000 -41.806149 -7.025796 68.079721 0.117198 -0.370556 -0.065475 0.919057
1679941097.925000 -41.206102 -6.550197 67.436488 0.117198 -0.370556 -0.065475 0.919057
1679941097.958000 -40.913124 -6.070320 66.609517 0.119063 -0.370201 -0.062839 0.919145
1679941097.991000 -41.764230 -6.484168 66.932546 0.121842 -0.370079 -0.061001 0.918953
1679941098.025000 -42.281083 -6.993284 67.620779 0.123570 -0.371309 -0.058722 0.918375
1679941098.157000 -41.671833 -6.486629 67.010765 0.121125 -0.373694 -0.054868 0.917971
1679941098.193000 -40.799848 -6.133459 66.671778 0.120403 -0.375027 -0.052463 0.917663
1679941098.257000 -41.637090 -6.564147 67.008727 0.118314 -0.379277 -0.047226 0.916472
1679941098.957000 -42.382469 -7.056343 67.458340 0.116807 -0.379117 -0.048996 0.916638
1679941098.991000 -43.083289 -7.573467 67.949699 0.115689 -0.379263 -0.050969 0.916612
1679941099.024000 -43.833896 -6.917370 67.871421 0.122480 -0.371202 -0.045673 0.919305
1679941099.191000 -44.689894 -7.363922 68.131916 0.119626 -0.370952 -0.043560 0.919884
1679941099.323000 -45.371745 -7.311899 68.861555 0.111812 -0.367215 -0.038456 0.922590
1679941099.357000 -46.215431 -7.800007 69.085038 0.106797 -0.365246 -0.037809 0.923992
1679941099.458000 -46.767469 -8.243410 69.791187 0.100502 -0.367185 -0.035738 0.924012
1679941099.557000 -46.736528 -7.739785 68.927820 0.097807 -0.367188 -0.040140 0.924119
1679941099.591000 -45.800545 -7.475118 69.159955 0.098328 -0.366929 -0.044927 0.923946
1679941099.625000 -45.582978 -6.938210 68.344852 0.098949 -0.363220 -0.046402 0.925271
1679941099.756000 -44.987240 -6.557375 67.637701 0.107146 -0.352358 -0.046479 0.928549
1679941099.925000 -45.763192 -6.183293 68.145601 0.114854 -0.339863 -0.031638 0.932899
1679941099.990000 -45.140008 -5.873843 67.427352 0.119176 -0.336266 -0.028740 0.933754
1679941100.123000 -46.091321 -5.834723 67.733085 0.130137 -0.335591 -0.023447 0.932681
1679941100.357000 -45.383343 -5.286790 67.287509 0.134246 -0.344557 -0.010139 0.929062
1679941100.457000 -46.318137 -5.484223 67.582775 0.132708 -0.343449 0.000686 0.929748
1679941100.492000 -46.939258 -6.090018 68.079987 0.132364 -0.344863 0.004189 0.929264
1679941100.558000 -47.816800 -6.162750 68.553939 0.131618 -0.345827 0.009283 0.928975
1679941101.024000 -48.299585 -6.576969 69.325522 0.127835 -0.357871 -0.008849 0.924937
1679941101.057000 -48.586342 -7.125507 70.110937 0.127854 -0.360701 -0.009404 0.923829
1679941101.091000 -47.902680 -6.915634 70.809907 0.130973 -0.366846 -0.011975 0.920938
1679941101.157000 -48.284423 -6.672290 69.918248 0.130687 -0.363421 -0.006486 0.922391
1679941101.225000 -48.185356 -6.045478 69.145401 0.130468 -0.359005 -0.004455 0.924161
1679941101.325000 -47.549666 -5.571601 68.536025 0.127347 -0.357525 -0.001017 0.925180
1679941101.359000 -46.935788 -5.715103 69.312273 0.129566 -0.366370 -0.006164 0.921384
1679941101.458000 -46.283026 -5.679400 68.555551 0.131088 -0.361660 -0.005006 0.923035
1679941101.592000 -45.911619 -5.474624 67.649944 0.144666 -0.358740 -0.010576 0.922099
1679941101.694000 -46.375051 -6.096968 68.280752 0.144698 -0.363999 -0.016017 0.919951
1679941101.724000 -45.571960 -6.044677 67.687194 0.143390 -0.364676 -0.021568 0.919775
1679941101.792000 -44.962452 -5.734649 66.957549 0.141706 -0.367151 -0.025739 0.918943
1679941101.826000 -45.712895 -6.189822 67.436769 0.140169 -0.370297 -0.025613 0.917920
1679941101.924000 -44.925133 -5.676997 67.095534 0.136847 -0.381488 -0.022277 0.913917
1679941101.993000 -44.179770 -5.148431 66.689269 0.135129 -0.394599 -0.020488 0.908632
1679941102.059000 -43.435870 -4.603248 66.302762 0.134853 -0.410534 -0.018769 0.901623
1679941102.093000 -44.183993 -5.004445 66.831300 0.136193 -0.418015 -0.018463 0.897983
1679941102.124000 -44.935872 -5.231844 67.450144 0.136128 -0.425795 -0.018764 0.894324
1679941102.158000 -44.137192 -5.272474 66.849760 0.136639 -0.431926 -0.021245 0.891245
1679941102.224000 -44.804411 -5.726810 67.440012 0.131475 -0.449666 -0.018897 0.883265
1679941102.260000 -45.525884 -6.294005 67.837211 0.127235 -0.457652 -0.018100 0.879795
1679941102.359000 -45.175451 -6.793513 68.629479 0.106236 -0.501864 -0.036388 0.857626
1679941102.491000 -44.683975 -7.476373 69.169992 0.075069 -0.547308 -0.072700 0.830382
1679941102.591000 -44.468174 -7.050179 70.048507 0.085139 -0.566770 -0.070434 0.816433
1679941102.624000 -45.174008 -7.485611 70.607254 0.087539 -0.569166 -0.069109 0.814623
1679941102.659000 -44.345442 -6.969904 70.389253 0.090115 -0.570613 -0.067782 0.813441
1679941102.757000 -44.579256 -7.732526 70.992361 0.090814 -0.578412 -0.067104 0.807892
1679941102.794000 -45.342142 -7.883582 71.621001 0.093272 -0.580714 -0.068347 0.805854
1679941102.858000 -44.486063 -7.508263 71.265665 0.096015 -0.586012 -0.070713 0.801481
1679941102.926000 -45.206095 -7.677094 71.938754 0.099304 -0.591135 -0.073255 0.797077
1679941103.058000 -44.222818 -7.738317 72.110273 0.107364 -0.598446 -0.077993 0.790096
1679941103.224000 -43.657850 -7.125196 71.558101 0.104235 -0.600330 -0.080781 0.788805
1679941103.292000 -44.513243 -7.569867 71.823754 0.098724 -0.602085 -0.081047 0.788149
1679941103.458000 -45.367270 -8.049645 72.024874 0.101779 -0.601670 -0.080342 0.788149
1679941103.491000 -45.971851 -8.303741 72.779803 0.104798 -0.600108 -0.078077 0.789171
1679941103.559000 -45.134191 -8.166897 72.251032 0.107979 -0.597077 -0.072989 0.791525
1679941103.659000 -44.194547 -8.305753 71.938321 0.108003 -0.593214 -0.070123 0.794679
1679941103.791000 -43.289622 -8.179842 71.531802 0.107909 -0.581616 -0.069594 0.803265
1679941103.827000 -42.495394 -7.928713 70.978507 0.107366 -0.576313 -0.067420 0.807336
1679941103.894000 -41.739697 -8.162676 70.366801 0.097532 -0.565224 -0.058805 0.817038
1679941103.958000 -42.239073 -7.975907 69.520786 0.100923 -0.526386 -0.047046 0.842923
1679941104.026000 -41.335889 -8.026667 69.094543 0.099249 -0.510344 -0.022370 0.853931
1679941104.059000 -40.465783 -7.998568 68.602479 0.096603 -0.500736 -0.013081 0.860093
1679941104.090000 -39.925991 -7.502654 67.922264 0.096306 -0.484963 -0.010172 0.869156
1679941104.191000 -40.761491 -7.933313 68.263546 0.092862 -0.448300 -0.008711 0.889004
1679941104.291000 -39.959657 -7.730952 67.701306 0.089216 -0.420785 0.000157 0.902763
1679941104.323000 -39.372422 -7.302525 67.014571 0.090219 -0.408856 0.000012 0.908129
1679941104.426000 -38.759815 -6.844565 66.370378 0.094206 -0.378385 0.002891 0.920837
1679941104.493000 -38.002192 -6.853712 65.717749 0.094673 -0.360318 0.011710 0.927939
1679941104.592000 -37.298486 -6.542359 65.079113 0.096503 -0.331999 0.018190 0.938154
1679941104.726000 -38.192711 -6.212574 64.776451 0.099983 -0.295789 0.030208 0.949526
1679941104.758000 -37.955210 -5.763547 63.915076 0.099633 -0.287446 0.033445 0.952014
1679941104.790000 -38.873501 -5.463591 63.656683 0.101886 -0.270800 0.038717 0.956445
1679941104.924000 -38.241761 -5.079748 62.983208 0.095064 -0.253797 0.044914 0.961526
1679941104.958000 -38.799193 -5.521429 63.686192 0.091879 -0.249192 0.044633 0.963052
1679941105.057000 -39.722793 -5.140462 63.728938 0.091016 -0.232995 0.053286 0.966742
1679941105.091000 -39.840554 -5.662603 64.573627 0.089632 -0.233211 0.053254 0.966821
1679941105.124000 -39.489108 -5.244332 63.736050 0.087745 -0.232777 0.053833 0.967067
1679941105.158000 -39.372902 -5.735897 64.599104 0.085132 -0.232456 0.051872 0.967484
1679941105.193000 -38.657098 -5.351154 64.016353 0.082625 -0.231991 0.052518 0.967778
1679941105.390000 -39.483479 -5.330652 64.579091 0.086392 -0.225365 0.058212 0.968689
1679941105.492000 -39.229637 -5.094735 63.641057 0.083787 -0.223441 0.062757 0.969080
1679941105.623000 -40.227739 -5.081751 63.701257 0.079279 -0.212355 0.064373 0.971842
1679941105.894000 -39.953426 -4.838646 62.770852 0.076924 -0.211937 0.065875 0.972022
1679941105.958000 -39.963573 -5.276758 63.669715 0.071318 -0.210001 0.067168 0.972780
1679941106.123000 -40.443718 -5.553313 62.837262 0.057405 -0.203394 0.072116 0.974749
1679941106.225000 -40.087422 -5.996496 62.014679 0.054399 -0.201211 0.098193 0.973094
1679941106.290000 -40.812335 -6.453092 61.498907 0.053415 -0.182532 0.103901 0.976234
1679941106.460000 -40.417344 -6.380302 60.583110 0.051256 -0.176231 0.113626 0.976424
1679941106.526000 -41.201126 -6.091074 61.132684 0.053153 -0.168371 0.115781 0.977456
1679941106.559000 -41.144826 -5.757503 60.191642 0.053790 -0.166152 0.113099 0.978115
1679941106.691000 -41.124817 -6.036130 61.151833 0.054302 -0.166698 0.112438 0.978070
1679941106.759000 -40.965441 -6.473673 62.036794 0.052239 -0.171302 0.112465 0.977383
1679941106.793000 -40.837053 -6.758294 62.986798 0.049432 -0.177134 0.111986 0.976545
1679941106.959000 -41.277935 -7.053559 63.834407 0.044715 -0.185741 0.111467 0.975231
1679941106.991000 -41.270080 -6.787050 62.870607 0.042711 -0.188543 0.114110 0.974477
1679941107.024000 -41.195571 -6.996865 63.845505 0.040544 -0.190983 0.116137 0.973855
1679941107.323000 -41.962408 -7.281142 63.270052 0.035939 -0.180430 0.123540 0.975137
1679941107.391000 -41.963166 -7.390014 62.275996 0.032950 -0.181033 0.123227 0.975170
1679941107.425000 -41.705201 -7.050422 61.371490 0.032898 -0.184409 0.120963 0.974823
1679941107.458000 -40.790219 -6.666017 61.494134 0.036677 -0.200597 0.114160 0.972308
1679941107.493000 -40.686243 -6.924188 62.454622 0.036460 -0.202103 0.111520 0.972311
1679941107.526000 -40.572988 -6.605844 61.513436 0.035751 -0.204588 0.108903 0.972114
1679941107.590000 -40.570644 -6.439602 60.527354 0.033623 -0.208118 0.106034 0.971758
1679941107.960000 -40.901817 -6.523123 61.467220 0.030890 -0.211378 0.115741 0.970036
1679941108.093000 -40.687375 -6.258946 60.526888 0.034384 -0.211538 0.116704 0.969768
1679941108.292000 -41.297349 -6.306942 61.317854 0.041407 -0.205124 0.119319 0.970553
1679941108.424000 -41.327311 -6.025950 60.358612 0.044859 -0.205444 0.118373 0.970447
1679941108.490000 -41.306464 -5.596906 59.455568 0.050493 -0.208670 0.116321 0.969730
1679941108.526000 -40.920716 -5.886262 60.331623 0.050952 -0.212132 0.116253 0.968963
1679941108.557000 -40.899816 -6.193844 61.282915 0.050967 -0.215808 0.117159 0.968041
1679941108.658000 -41.298612 -6.559826 62.123759 0.050943 -0.225772 0.115035 0.966022
1679941108.757000 -41.324231 -6.884202 63.069341 0.049245 -0.229529 0.113329 0.965426
1679941108.992000 -41.958494 -6.972380 63.837413 0.052264 -0.225549 0.114633 0.966051
1679941109.125000 -42.733570 -6.896041 63.210173 0.060570 -0.203090 0.119472 0.969955
1679941109.194000 -42.691229 -6.495887 62.294704 0.056849 -0.204482 0.117103 0.970176
1679941109.357000 -43.653000 -6.629413 62.533801 0.047282 -0.206779 0.107094 0.971359
1679941109.394000 -43.576006 -6.906660 63.491510 0.046078 -0.209260 0.106218 0.970981
1679941109.490000 -43.503643 -7.197888 64.445423 0.042539 -0.214894 0.107320 0.969790
1679941109.624000 -43.383910 -6.837223 63.520445 0.041666 -0.214722 0.110724 0.969484
1679941109.692000 -44.329706 -7.079554 63.304237 0.039263 -0.196958 0.117734 0.972525
1679941109.727000 -43.998742 -6.952169 62.369231 0.040107 -0.197882 0.121509 0.971838
1679941109.824000 -43.403662 -7.686964 62.043722 0.039166 -0.202888 0.134515 0.969127
1679941109.859000 -43.909322 -7.960828 62.861833 0.040572 -0.203774 0.139054 0.968243
1679941109.990000 -44.730601 -8.382884 62.477945 0.041254 -0.186950 0.150774 0.969853
1679941110.024000 -43.999804 -7.827187 62.081542 0.041966 -0.187999 0.151925 0.969440
1679941110.058000 -43.679931 -7.686830 61.144535 0.040205 -0.185959 0.155102 0.969405
1679941110.158000 -44.599636 -7.934462 60.839869 0.034315 -0.160248 0.163278 0.972874
1679941110.191000 -45.164105 -8.420236 61.507252 0.033942 -0.156658 0.162747 0.973560
1679941110.356000 -45.507842 -8.779946 62.374692 0.028137 -0.147010 0.158460 0.975954
1679941110.390000 -45.340750 -9.046889 63.323809 0.025580 -0.147957 0.156691 0.976167
1679941110.428000 -45.438462 -9.239841 64.300139 0.024604 -0.148210 0.154677 0.976475
1679941110.590000 -45.919045 -9.442650 65.153315 0.020399 -0.159318 0.150842 0.975422
1679941110.657000 -46.026979 -9.405633 66.146784 0.017572 -0.162913 0.148552 0.975235
1679941110.690000 -45.963555 -9.639771 67.116916 0.017757 -0.165182 0.152056 0.974309
1679941110.756000 -45.726361 -9.793912 68.076072 0.018928 -0.167670 0.156053 0.973230
1679941110.861000 -45.814178 -9.515815 67.119542 0.018928 -0.167670 0.156053 0.973230
1679941110.990000 -45.003137 -9.881919 67.575808 0.020057 -0.171174 0.155332 0.972712
1679941111.057000 -45.793941 -9.954024 66.968002 0.024501 -0.156659 0.155973 0.974951
1679941111.192000 -46.371894 -10.188233 67.749741 0.017694 -0.137165 0.158016 0.977703
1679941111.227000 -46.208117 -10.179581 66.763282 0.015061 -0.132148 0.161157 0.977926
1679941111.323000 -46.670052 -10.485789 67.595659 0.011833 -0.125905 0.162939 0.978498
1679941111.490000 -46.501529 -10.294434 66.628714 0.009994 -0.098601 0.170316 0.980393
1679941111.523000 -46.404868 -10.099887 65.652595 0.013205 -0.097272 0.171858 0.980219
1679941111.557000 -46.316166 -10.136514 64.657211 0.017398 -0.093440 0.174124 0.980126
1679941111.625000 -47.103913 -10.583033 64.232857 0.018623 -0.072033 0.182164 0.980449
1679941111.690000 -47.254278 -10.608701 63.244559 0.019914 -0.066089 0.184507 0.980404
1679941111.726000 -47.304330 -10.652702 62.246782 0.019661 -0.063023 0.188351 0.979880
1679941111.791000 -47.494306 -10.531462 61.272508 0.020076 -0.062672 0.190531 0.979473
1679941111.892000 -47.848846 -10.617662 60.341449 0.022420 -0.060792 0.187118 0.980198
1679941111.927000 -48.159594 -10.505604 59.397586 0.023483 -0.061257 0.184330 0.980673
1679941111.991000 -48.470791 -10.717217 60.324072 0.023613 -0.063291 0.180422 0.981267
1679941112.023000 -48.581539 -10.569847 59.341210 0.022004 -0.066630 0.179121 0.981321
1679941112.093000 -48.784849 -10.580125 58.362150 0.021633 -0.067969 0.172750 0.982380
1679941112.190000 -48.302457 -10.018600 57.689849 0.022986 -0.071247 0.170477 0.982514
1679941112.226000 -48.760916 -9.791786 56.830565 0.024059 -0.073295 0.169050 0.982584
1679941112.291000 -49.081355 -9.576961 55.907976 0.024192 -0.078547 0.169304 0.982131
1679941112.357000 -48.686106 -9.325610 55.024460 0.024192 -0.078547 0.169304 0.982131
1679941112.557000 -47.896521 -8.972006 55.525978 0.015585 -0.068198 0.173435 0.982358
1679941112.658000 -48.057415 -9.195009 56.487426 0.012292 -0.059081 0.169080 0.983753
1679941112.694000 -48.382369 -9.376525 57.415574 0.012953 -0.054046 0.166582 0.984460
1679941112.758000 -48.647270 -9.435073 58.378070 0.016471 -0.048773 0.165217 0.984913
1679941113.325000 -48.443350 -9.442843 57.399114 0.039700 -0.019798 0.186981 0.981361
1679941113.358000 -47.910419 -8.857571 56.788015 0.040942 -0.015504 0.183373 0.982068
1679941113.392000 -48.027298 -8.725561 55.803681 0.043938 -0.011129 0.181283 0.982386
1679941113.558000 -48.040177 -8.490040 54.831897 0.034310 -0.016111 0.181426 0.982674
1679941113.590000 -47.508486 -8.578699 55.674182 0.030204 -0.019650 0.178618 0.983259
1679941113.658000 -47.171497 -8.535387 56.614694 0.026829 -0.025909 0.175532 0.983767
1679941113.760000 -47.815080 -8.406359 55.860273 0.025890 -0.028872 0.177872 0.983289
1679941113.792000 -47.808559 -8.753503 56.798062 0.024233 -0.031362 0.179171 0.983019
1679941113.824000 -47.980428 -8.803586 55.814216 0.023794 -0.032445 0.179514 0.982932
1679941113.926000 -47.895341 -8.670354 54.826790 0.028948 -0.033608 0.179550 0.982748
1679941114.023000 -48.038893 -8.563253 53.842960 0.032225 -0.037785 0.181302 0.982173
1679941114.091000 -48.906107 -8.580640 54.340592 0.030221 -0.040158 0.182463 0.981927
1679941114.259000 -48.708307 -8.435396 53.371170 0.041951 -0.049590 0.168511 0.983557
1679941114.324000 -48.784064 -8.320097 52.380732 0.040259 -0.050432 0.168508 0.983586
1679941114.458000 -49.251168 -8.649048 51.559998 0.031742 -0.038885 0.173824 0.983497
1679941114.490000 -49.358119 -8.802809 52.542301 0.030059 -0.036316 0.176638 0.983146
1679941114.626000 -50.084441 -9.434644 52.271671 0.012530 -0.002350 0.192111 0.981290
1679941114.657000 -50.201397 -9.330078 51.284054 0.015569 0.001398 0.196547 0.980370
1679941114.692000 -50.335277 -9.221319 50.299043 0.019267 0.004060 0.201989 0.979190
1679941114.791000 -49.448311 -8.822474 50.531882 0.019826 0.001918 0.201642 0.979257
1679941114.825000 -48.516607 -8.732122 50.883684 0.016941 -0.003336 0.201650 0.979306
1679941114.857000 -48.391698 -8.355128 49.965929 0.014461 -0.007848 0.203357 0.978967
1679941114.892000 -49.276792 -8.426903 50.425774 0.014203 -0.009707 0.207218 0.978144
1679941114.958000 -48.768839 -8.475141 51.285806 0.008083 -0.028157 0.212051 0.976819
1679941114.990000 -48.838974 -8.668763 52.264372 0.003376 -0.036680 0.213893 0.976162
1679941115.056000 -47.875859 -8.804805 52.496542 -0.007440 -0.065295 0.211894 0.975081
1679941115.125000 -47.624113 -8.709439 53.459625 -0.014166 -0.078788 0.204559 0.975575
1679941115.193000 -47.396146 -8.507193 52.507192 -0.021140 -0.088755 0.200051 0.975528
1679941115.260000 -47.101648 -8.477680 53.462389 -0.028938 -0.093190 0.194562 0.976025
1679941115.323000 -46.986562 -8.596781 52.476199 -0.037922 -0.096307 0.191430 0.976034
1679941115.356000 -47.081034 -8.741235 53.461190 -0.041926 -0.096784 0.189653 0.976169
1679941115.491000 -47.661979 -8.802777 52.649577 -0.050745 -0.094302 0.179851 0.977847
1679941115.625000 -47.782090 -8.906047 51.662203 -0.048123 -0.093864 0.172146 0.979408
1679941115.690000 -48.166342 -9.113073 52.561919 -0.051036 -0.098329 0.174016 0.978491
1679941115.723000 -47.942067 -9.113544 51.587394 -0.052372 -0.100399 0.175008 0.978033
1679941115.824000 -48.326730 -9.134011 50.664564 -0.047732 -0.100722 0.175492 0.978151
1679941115.857000 -48.075473 -9.064770 49.699123 -0.044107 -0.102171 0.175644 0.978144
1679941115.892000 -48.228792 -9.038497 50.686950 -0.041092 -0.102120 0.175422 0.978320
1679941115.992000 -48.411606 -8.995773 51.669169 -0.039227 -0.102060 0.172249 0.978966
1679941116.057000 -48.697299 -9.034591 50.711634 -0.038466 -0.100440 0.169755 0.979600
1679941116.128000 -48.460635 -8.918887 51.676312 -0.037894 -0.096056 0.167910 0.980379
1679941116.226000 -49.354443 -9.354526 51.569883 -0.035797 -0.066845 0.170870 0.982372
1679941116.424000 -48.672755 -9.303676 50.840009 -0.021548 -0.061792 0.178445 0.981771
